<?xml version="1.0"?>
<tweakui>
	<tooldrawer drawerDirection="down">
		<drawermain>
			<box style="uebergangshg" extent="170@118">
			
				<label label="opacity:" topLeft="85@1"/>
				<label topLeft="125@1" player="overallOpacityString" application="frameStyleEditor"/>
				<slider width="150" topLeft="10@16" player="overallAlpha" min="0.0" max="1.0" application="frameStyleEditor"/>

			
				<!--<image style="icon_x" topLeft="5@14"/>-->
				<label label="x" topLeft="5@35"/>				
				<unitinputfield type="number" width="50" topLeft="20@33" player="positionX" type="number" sophieUnit="lengthUnit"/>
				<!--<button style="buttonOrigin" topLeft="80@20"/>-->
					
				<label label="y" topLeft="5@60"/>				
				<unitinputfield type="number" width="50" topLeft="20@58"  player="positionY" type="number" sophieUnit="lengthUnit"/>
				<!--<button style="buttonOrigin" topLeft="80@45"/>-->
				
				<label label="w" topLeft="85@35"/>				
				<unitinputfield type="number" width="50" topLeft="100@33" player="width" type="number" sophieUnit="lengthUnit"  minValue="1"/>
			
				
				<label label="h" topLeft="85@60"/>				
				<unitinputfield type="number" width="50" topLeft="100@58"  player="height" type="number" sophieUnit="lengthUnit"  minValue="1"/>
				<checkbox style ="checkboxLocked" topLeft="150@43" player="proportionalSizing"/>

        <radiogroup>				
  				<radiobutton style ="radiobuttonPivotalign" topLeft="10@86" selectOn="pivotTopLeft" action="setPivotTopLeft"/>
	   			<radiobutton style ="radiobuttonPivotalign" topLeft="18@86" selectOn="pivotTop" action="setPivotTop"/>
		  		<radiobutton style ="radiobuttonPivotalign" topLeft="26@86" selectOn="pivotTopRight" action="setPivotTopRight"/>
			   	<radiobutton style ="radiobuttonPivotalign" topLeft="10@94" selectOn="pivotLeft" action="setPivotLeft"/>
				  <radiobutton style ="radiobuttonPivotalign" topLeft="18@94" selectOn="pivotCenter" action="setPivotCenter"/>
			   	<radiobutton style ="radiobuttonPivotalign" topLeft="26@94" selectOn="pivotRight" action="setPivotRight"/>
		  		<radiobutton style ="radiobuttonPivotalign" topLeft="10@102" selectOn="pivotBottomLeft" action="setPivotBottomLeft"/>
	   			<radiobutton style ="radiobuttonPivotalign" topLeft="18@102" selectOn="pivotBottom" action="setPivotBottom"/>
  				<radiobutton style ="radiobuttonPivotalign" topLeft="26@102" selectOn="pivotBottomRight" action="setPivotBottomRight"/>
        </radiogroup>				
				<radiogroup application="frameStyleEditor">
  				<radiobutton style ="buttonWrapoff" topLeft="50@89" selectOn="simpleWrap" action="setSimpleWrap"/>
  		  	<radiobutton style ="buttonWrapon" topLeft="71@89" selectOn="wrap" action="setWrap"/>
  				<radiobutton style ="buttonWraponthrough" topLeft="92@89" selectOn="noWrap" action="resetWrap"/>
				</radiogroup>				
				
				<button style ="buttonGotoback" topLeft="123@89" action="frameToBack" />
			  	<button style ="buttonCometofront" topLeft="145@89" action="frameToFront" />
			  
				<!--<image style ="icon_rotation" topLeft="38@88"/>
				<unitinputfield type="number" width="50" topLeft="62@88" player="angle"/>-->
			</box>
		</drawermain>
		  
		<drawertools>
<!--			<box id="submenu" style="uebergangshg" extent="170@57">
				<!--<checkbox style ="checkboxHorizontalmirror" topLeft="4@6"/>
				<checkbox style ="checkboxVerticalmirror" topLeft="25@6"/>-->
			  
<!--				<button style ="buttonFitbtoc" topLeft="51@7"/>
		  		<button style ="buttonFitctob" topLeft="72@7"/>
			  	<button style ="buttonProportionalyalign" topLeft="97@7"/>
				<button style ="buttonProportionalxalign" topLeft="118@7"/>
			  
			  <box extent="22@22" topLeft="143@5">
				  <radiobutton style ="radiobuttonContentalign" topLeft="0@0"/>
				  <radiobutton style ="radiobuttonContentalign" topLeft="7@0"/>
				  <radiobutton style ="radiobuttonContentalign" topLeft="14@0"/>
				  <radiobutton style ="radiobuttonContentalign" topLeft="0@7"/>
				  <radiobutton style ="radiobuttonContentalign" topLeft="7@7"/>
				  <radiobutton style ="radiobuttonContentalign" topLeft="14@7"/>
				  <radiobutton style ="radiobuttonContentalign" topLeft="0@14"/>
				  <radiobutton style ="radiobuttonContentalign" topLeft="7@14"/>
				  <radiobutton style ="radiobuttonContentalign" topLeft="14@14"/>
			  </box> -->
			  
			  	<!--<image style ="icon_wrapping" topLeft="10@38"/>
			  	<label label="wrapping" topLeft="5@34"/>
			   	<dropdownlist application="frameStyleEditor" width="105" topLeft="60@32" player="wrapStyle" items="wrappingStyles"/>
				<radiobutton style ="buttonWrapoff" topLeft="50@30" selectOn="simpleWrap" action="setSimpleWrap"/>
		  		<radiobutton style ="buttonWrapon" topLeft="75@30" selectOn="wrap" action="setWrap"/>
				<radiobutton style ="buttonWraponthrough" topLeft="96@30" selectOn="noWrap" action="setNoWrap"/>-->
<!--			</box> -->
			
			<box id="submenufill" style="uebergangshg" extent="170@140">
				<application application="frameStyleEditor">
					<application application="areaStyleEditor">
						<image style="icon_dottedline" topLeft="0@0"/>
						
						<!--<image style="icon_margin" topLeft="5@5"/>-->				
						<label label="margin" topLeft="5@2"/>
						
						<image style="icon_marginleft" topLeft="9@23" />
						<unitinputfield width="50" topLeft="30@21" type="number" player="marginLeft" sophieUnit="lengthUnit"/>
						<image style="icon_margintop" topLeft="95@23"/>
						<unitinputfield width="50" topLeft="115@21" type="number" player="marginTop" sophieUnit="lengthUnit"/>
						<image style="icon_marginright" topLeft="9@48"/>
						<unitinputfield width="50" topLeft="30@46" type="number" player="marginRight" sophieUnit="lengthUnit"/>
						<image style="icon_marginbottom" topLeft="95@48"/>
						<unitinputfield width="50" topLeft="115@46" type="number" player="marginBottom" sophieUnit="lengthUnit"/>
				  
						<!-- <image style="icon_padding" topLeft="5@73"/>-->			  
						<label label="padding" topLeft="5@71"/>
						
						<image style="icon_paddingleft" topLeft="9@92"/>
						<unitinputfield width="50" topLeft="30@90" type="number" player="paddingLeft" sophieUnit="lengthUnit"/>
						<image style="icon_paddingtop" topLeft="95@92"/>
						<unitinputfield width="50" topLeft="115@90" type="number" player="paddingTop" sophieUnit="lengthUnit"/>
						<image style="icon_paddingright" topLeft="9@117"/>
						<unitinputfield width="50" topLeft="30@115" type="number" player="paddingRight" sophieUnit="lengthUnit"/>
						<image style="icon_paddingbottom" topLeft="95@117"/>
						<unitinputfield width="50" topLeft="115@115" type="number" player="paddingBottom" sophieUnit="lengthUnit"/>
					</application>
				</application>
			</box>
		</drawertools>
	</tooldrawer>
</tweakui>
