<?xml version="1.0"?>
	<tweakui>
		<box style="uebergangshg" extent="170@178">

	<!--		<dropdownlist width="135" topLeft="5@5"/>
			<button style ="buttonSave" topLeft="145@5" action="saveStyle"/>-->
 
			<application application="areaStyleEditor">
				<application application="fillStyleEditor">
					<!--<image style="header_filling" topLeft="5@30"/>-->
					<image style="header_dottedline" topLeft="0@36"/>
					<label label="Filling " topLeft="1@27"/>
					
					<!--<image style="icon_fillrules" topLeft="5@50"/>-->
					<boxswitcher style="box" topLeft="145@46" extent="20@20" switcher="fillTypeCategory">
						<colorchooser id="solid" topLeft="10@55" player="fillColor"/>
						<gradientchooser id="gradient" topLeft="10@50" player="previewStyle"/> 
						<imagechooser id="pattern" topLeft="10@55" player="fillPattern" extent="20@20"/>			  
					</boxswitcher>
					
					<image style="icon_fillpattern" topLeft="4@47"/>
					<dropdownlist width="110" topLeft="30@46" items="fillTypes" selection="fillType"/>
				</application>			
		  				
				<application application="borderStyleEditor">							
					<!--<image style="header_border" topLeft="5@75"/>-->
					<image style="header_dottedline" topLeft="0@77"/>
					<label label="Border " topLeft="1@68"/>
				  <application application="lineStyleEditor">						
					  <image style="icon_linewidth" topLeft="5@87"/>
					  <unitinputfield width="40" topLeft="30@87" player="lineWidth" sophieUnit="lengthUnit"/>
						  <!--<image style="icon_linepattern" topLeft="75@90"/>-->
						  <!-- <dropdownlist width="65" topLeft="75@87"/>-->
  	
					  <application application="fillStyleEditor">	   		
						  <colorchooser id="color" topLeft="145@87" player="fillColor"/>
            </application>	
					</application>				
				</application>	
			  
				<application application="shadowStyleEditor">
					<!--<image style="header_shadow" topLeft="5@120"/>-->
					<image style="header_dottedline" topLeft="0@118"/> 				
					<label label="Shadow " topLeft="1@109"/>
					
					<image style="icon_shadowxoffset" topLeft="4@128"/>
					<unitinputfield width="50" topLeft="30@128" player="offsetX" sophieUnit="lengthUnit"/>
					<image style="icon_shadowyoffset" topLeft="91@129"/>
					<unitinputfield width="50" topLeft="115@128" player="offsetY" sophieUnit="lengthUnit"/>
					
					<image style="icon_shadow_sharp" topLeft="5@154"/>
					<!--<inputfield type="number" width="50" topLeft="30@160" player="softness"/>
					
					<label label="alpha:" topLeft="81@161"/>
					<label topLeft="121@161" player="alpha"/>
					<slider width="110" min="0.0" max="1.0" topLeft="30@176" player="alpha"/>-->
					
					<slider width="90" topLeft="30@158" min="0.0" max="1.0" player="softness"/>
					<image style="icon_shadow_soft" topLeft="120@154"/>
					
					<colorchooser topLeft="145@153" player="color"/>
				</application>			
			</application>			
		</box>
	</tweakui>
