<?xml version="1.0"?>
	<tweakui>
		<box style="uebergangshg" extent="170@55">
		
			<!--<image style="icon_Normal" topLeft="10@10"/>-->
			<label label="normal" topLeft="6@7"/>			
			<imagechooser extent="30@20" topLeft="55@5" player="normalImage"/>
			
			<!--<image style="icon_Over" topLeft="95@13"/>-->
			<label label="over" topLeft="91@7"/>
			<imagechooser extent="30@20" topLeft="135@5" player="overImage"/>
			
			<!--<image style="icon_Pressed" topLeft="10@35"/>-->
			<label label="pressed" topLeft="6@32"/>
			<imagechooser extent="30@20" topLeft="55@30" player="pressedImage"/>
			
			<!--<image style="icon_Visited" topLeft="95@35"/>-->
			<label label="visited" topLeft="91@32"/>
			<imagechooser extent="30@20" topLeft="135@30" player="visitedImage"/>
			
		</box>
	</tweakui>
