<?xml version="1.0"?>
	<tweakui>
		<tooldrawer drawerDirection="down">
		
			<drawermain>	   
				<box style="uebergangshg" extent="170@90"><!-- 170 hg_main.png-->
					<!-- paragraphStyle-->
					<dropdownlist width="135" topLeft="5@5" player="selectedStyleName" items="libraryStyleNames"/>
					<button style ="buttonSave" topLeft="145@5" action="storeStyle"/>
					<!-- paragraphstyle_main-->
					<image style="icon_linespacing" topLeft="5@35"/>
<!--	 			<dropdownlist width="50" topLeft="30@35" player="lineSpacing" items="defaultLineSpacings" allowEditing="true"/> -->
					<inputfield width="50" topLeft="30@35" type="number" player="lineSpacingValue" />
					<dropdownlist width="80" topLeft="85@35" player="lineSpacingType" items="defaultLineSpacingTypes" allowEditing="false"/>				
     		 		<image style="icon_firstindent" topLeft="5@60"/>
					<unitinputfield width="50" topLeft="30@60" player="indentFirst" sophieUnit="lengthUnit"/>
		
					<radiobutton style ="checkboxLeftalign" topLeft="84@60" selectOn="left" action="setLeft"/>
					<radiobutton style ="checkboxCentered" topLeft="105@60" selectOn="center" action="setCenter"/>
					<radiobutton style ="checkboxRightalign" topLeft="126@60" selectOn="right" action="setRight"/>
					<radiobutton style ="checkboxJustify" topLeft="146@60" selectOn="justified" action="setJustified"/>
				</box>				
			</drawermain>
			
			<drawertools>		
				<box id="submenu" style="uebergangshg" extent="170@80">
					<!--<image style="icon_dottedline" topLeft="0@0"/>-->
					<image style="icon_indentleft" topLeft="5@5"/>
					<unitinputfield player="indentLeft" sophieUnit="lengthUnit"  minValue="0" width="50" topLeft="30@5"/>
		
					<image style="icon_indentright" topLeft="89@5"/>
					<unitinputfield player="indentRight" sophieUnit="lengthUnit"  minValue="0" width="50" topLeft="115@5"/>
		
					<image style="icon_spaceabove" topLeft="5@30"/>
					<unitinputfield player="spaceAbove" sophieUnit="lengthUnit"  width="50" topLeft="30@30"/>
		
					<image style="icon_spacebelow" topLeft="90@30"/>
					<unitinputfield player="spaceBelow" sophieUnit="lengthUnit"  width="50" topLeft="115@30"/>
		
			<!--		<image style="icon_dropcaplines" topLeft="5@55"/>
					<dropdownlist width="50" topLeft="30@55" player="dropCapLines"/>
		
					<image style="icon_dropcapletters" topLeft="90@55"/>
					<dropdownlist width="50" topLeft="115@55" player="dropCapLetters"/>
		
					<image style="icon_defaultnextstyle" topLeft="3@79"/>
					<dropdownlist width="110" topLeft="55@80" player="selectedNextStyle" items="defaultNextStylesLibrary"/>-->
					
					<image style="icon_defaultnextstyle" topLeft="3@54"/>
					<dropdownlist width="110" topLeft="55@55" player="selectedNextStyle" items="defaultNextStylesLibrary"/>					
					
				</box>
				

        <box id="subcharacterstyle" style="uebergangshg" extent="170@80" application="characterStyleEditor">

					
					<!-- part two: fontstyle-->
					<image style="icon_font" topLeft="0@5"/>
					<dropdownlist width="115" topLeft="25@5" itemMaker="SophieListMenuFontItem" items="fonts" player="fontName" useScrollMenu="true"/>
					<colorchooser style="colorchooserFontfrontcolor" player="fontColor" topLeft="144@5"/>
					
					<image style="icon_fontsize" topLeft="0@30"/>
					<unitdropdownlist width="55" topLeft="25@30" items="availableSizes" player="fontSize" allowEditing="true" minValue="4" maxValue="10000" precision="1"/>
		
					<checkbox style="checkboxBold" topLeft="83@30" player="bold" />
					<checkbox style="checkboxItalic" topLeft="104@30" player="italic" />
					<checkbox style="checkboxUnderlined" topLeft="125@30" player="underline" disableOn="underlineDisable"/>
					<checkbox style ="checkboxCrossed" topLeft="146@30" player="struckout" disableOn="underlineDisable" />
									
					<!--<image style="icon_dottedline" topLeft="0@0"/>-->					
<!--					<image style="icon_kerning" topLeft="2@55"/>
					<unitinputfield width="40" topLeft="28@55"/>
					<image style="icon_tracking" topLeft="76@57"/>
					<unitinputfield width="40" topLeft="100@55"/> -->
					<colorchooser style="colorchooserFontbackcolor" player="backColor" topLeft="144@55"/>
				</box>


				
				
			</drawertools>
			
		</tooldrawer>		
	</tweakui>
