<?xml version="1.0"?>
<tweakui>
	<box style="uebergangshg" extent="195@123">
		<!--<image style="image_hglighteffect" topLeft="2@3"/>-->
		
		<label style="labeldialogheader" label="Save" topLeft="0@0" player="labelValue"/>
		
		<box style="emptyBox" width="195" topLeft="0@30" ></box>
				
		<!--dropdownlist inhalt-->
		<dropdownlist width="180" topLeft="10@38" player="savingName" items="libraryStyleNames" allowEditing="true"/>
		<image style="dropdownleftEnd" topLeft="0@38"/>		
		
		<button topLeft="5@82" label="Cancel" style="button_dialog" action="cancelValue"/>		
		
		<boxswitcher style="boxswitcher" switcher="overrideMode" topLeft="101@82">
			<button id="normal" label="Save" style="button_dialog" action="saveValue"/>			
			<button id="override" label="Replace" style="button_dialog" action="saveValue"/>
		</boxswitcher>
	</box> 
</tweakui>
