<?xml version="1.0"?>
<tweakui>

	<vbox style="mainframe" >
		<hbox topLeft="3@0" id="title" style="titlebar" hResizing="spaceFill" align="leftCenter">
			<label style="statusBarLabel" id="label" player="pageLabel"/> 

			<box height="4" hResizing="spaceFill"></box>
			<!--<pushbutton style="pageMinimized" action="minimizePageView"/>-->
			<pushbutton style="pageClose" action="closePageView"/> 
		</hbox>

		<hbox style="box" id="pagePlayer"></hbox>	
	
		<hbox id="statusBar" style="titlebar" align="leftCenter" hResizing="spaceFill">
			<dropdownlist width="50" type="number" player="zoomFactor" items="zoomList"/>
			<box extent="196@22">
				<label style="buttonLabel" label="search page" topLeft="7@0"/> 
				<textbox topLeft="80@1" width="90" style="outputBox" acceptAction="findNextPagewise" id="findOnPage" player="findOnPage"/> 
				<pushbutton topLeft="175@4" style="findPrevious" action="findPreviousPagewise"/>
				<pushbutton topLeft="175@12" style="findNext" action="findNextPagewise"/>
      		</box>
	  
			<box height="4" hResizing="spaceFill"></box>
			<hbox layoutInsetX="2" align="leftCenter">
		   	<pushbutton topLeft="2@4" style="pageUp" player="pageUp" action="pageUp"/>
				<pageinput topLeft="19@1" hResizing="shrinkWrap" allowEditing="true" style="pageBox" id="pageNr" player="pageNr" pageCount="pageCount" /> 
				<pushbutton topLeft="52@4" style="pageDown" player="pageDown" action="pageDown"/>
			</hbox>				
			
			<box extent="160@22">
 				<checkbox player="showFrames" topLeft="0@6" />
				<label style="buttonLabel" label="frames" topLeft="12@0" /> 
				<checkbox player="readerMode" topLeft="63@6" />				
				<label style="buttonLabel" label="test mode" topLeft="74@0" /> 
			</box>	

			<!--<menubar>
					<menuitem style="menuitem_transp" label="show">
					<menu style="menuGray">
   		          	<menuitem label="frames" checkOn="showFrames" action="toggleDebugFrames"/>
	   	          	<menuitem label="ruler" checkOn="showRulers" action="toggleRulers"/>
				</menu>
			</menuitem>
		</menubar>
		<image id="resizer" style="resizer" topLeft="15@15"/>
		<label style="buttonLabel" label="debug"/> 
		<checkbox player="debug"/>-->				
			
		</hbox>
	</vbox>
</tweakui>
