<?xml version="1.0"?>
<tweakui>
		<hbox id="statusBar" style="titlebar" hResizing="spaceFill" vResizing="rigid">
		<box style="boxblank" extent="5@4"/>
			<dropdownlist width="50" type="number" player="zoomFactor" items="zoomList"/>
			<box extent="196@22">
				<label style="buttonLabel" label="search page" topLeft="7@0"/> 
				<inputfield topLeft="80@1" width="90" style="inputfieldrounded" acceptAction="findNextPagewise" id="findOnPage" player="findOnPage"/> 
				<pushbutton topLeft="175@4" style="findPrevious" action="findPreviousPagewise"/>
				<pushbutton topLeft="175@12" style="findNext" action="findNextPagewise"/>
      		</box>
	  
			<box style="boxblank" height="4" hResizing="spaceFill"></box>
			<hbox layoutInsetX="2" align="leftCenter">
		   	<pushbutton topLeft="2@4" style="pageUp" player="pageUp" action="pageUp"/>
				<pageinput topLeft="19@1" hResizing="shrinkWrap" allowEditing="true" style="pageBox" id="pageNr" player="pageNr" pageCount="pageCount" acceptAction="gotoPage" /> 
				<pushbutton topLeft="52@4" style="pageDown" player="pageDown" action="pageDown"/>
			</hbox>				
			
			<box extent="150@22">
 				<checkbox player="showFrames" topLeft="0@6" />
				<label style="buttonLabel" label="frames" topLeft="12@0" /> 
				<checkbox player="readerMode" topLeft="63@6" />				
				<label style="buttonLabel" label="test mode" topLeft="74@0" /> 
			</box>	
		</hbox>
</tweakui>
