<?xml version="1.0"?>
<tweakui>

	<vbox style="mainframe" >
			<hbox layoutInsetX="2" height="16" id="title" style="titlebar" hResizing="spaceFill" align="leftCenter">
				<label style="statusBarLabel" id="label" player="pageLabel" /> 
				<box height="4" hResizing="spaceFill" >
	      </box>
		<!--   <pushbutton style="pageMinimized" action="minimizePageView" /> -->
			 <pushbutton style="pageClose" action="closePageView" /> 
			</hbox>

		<hbox style="box" id="pagePlayer" >
		</hbox>
	
	
		<hbox id="statusBar" style="titlebar" align="leftCenter" hResizing="spaceFill" >
		    <dropdownlist width="50" type="number" player="zoomFactor" items="zoomList"/>
			  <box extent="225@22">
				<label style="buttonLabel" label="search page" topLeft="5@0"/> 
				<textbox topLeft="85@0" width="100" style="outputBox"  acceptAction="findNextPagewise" id="findOnPage" player="findOnPage" /> 
				<pushbutton topLeft="210@3" style="findPrevious"  action="findPreviousPagewise" />
				<pushbutton topLeft="210@11" style="findNext" action="findNextPagewise" />
        </box>
		
	  
		<box height="4" hResizing="spaceFill" >
	  </box>
				<hbox style="box" align="leftCenter" >
			   	<pushbutton style="pageUp" player="pageUp" action="pageUp" />
				<!--  <textbox topLeft="26@0" allowEditing="false" width="25" style="outputBox" id="pageNr" player="pageNr" /> -->
			    <pageinput allowEditing="true" style="outputBox" id="pageNr" player="pageNr" pageCount="pageCount" /> 

				  <pushbutton  style="pageDown" player="pageDown"  action="pageDown" />
				</hbox>
				
				
 				<checkbox player="showFrames" />
			 	<label style="buttonLabel" label="frames" /> 




 				<checkbox player="readerMode" />				
 				<label style="buttonLabel" label="Reader mode" /> 

<!-- 		<menubar>
		   <menuitem style="menuitem_transp" label="show">
		      <menu style="menuGray">
   		          <menuitem label="frames" checkOn="showFrames" action="toggleDebugFrames"/>
	   	          <menuitem label="ruler" checkOn="showRulers" action="toggleRulers"/>
		      </menu>
	     </menuitem>
		</menubar>
--- >		


<!---				<image id="resizer" style="resizer" topLeft="15@15"/>
				<label style="buttonLabel" label="debug" /> 
				<checkbox player="debug" />
--->				
			
		</hbox>
	</vbox>



</tweakui>
