<?xml version="1.0"?>
<tweakui>
		<hbox id="statusBar" style="titlebar" align="leftCenter" hResizing="spaceFill" >
	    <dropdownlist width="50" type="number" player="zoomFactor" items="zoomList"/>
		  <box extent="225@22">
				<label style="buttonLabel" label="quick search" topLeft="5@0"/> 
				<textbox topLeft="85@0" width="100" style="outputBox"  acceptAction="findNext" id="findOnPage" player="findOnPage" /> 
				<pushbutton topLeft="210@3" style="findPrevious"  action="findPrevious" />
				<pushbutton topLeft="210@11" style="findNext" action="findNext" />
       </box>
   		<box height="4" hResizing="spaceFill" >
  	  </box>
			<hbox style="box" align="leftCenter" >
		   	<pushbutton style="pageUp" player="pageUp" action="pageUp" />
				<!--  <textbox topLeft="26@0" allowEditing="false" width="25" style="outputBox" id="pageNr" player="pageNr" /> -->
		    <pageinput allowEditing="true" style="outputBox" id="pageNr" player="pageNr" pageCount="pageCount" /> 
			  <pushbutton  style="pageDown" player="pageDown"  action="pageDown" />
			</hbox>
			<checkbox player="showFrames" />
		 	<label style="buttonLabel" label="frames" /> 
			<checkbox player="readerMode" />				
			<label style="buttonLabel" label="Reader mode" /> 
		</hbox>
</tweakui>
