<?xml version="1.0"?>
<tweakui>
  <vbox style="uebergangshg" layoutInset="3@3" wrapCentering="center" cellPositioning="center" cellInset="8">
    <label style="labeldialogheader" player="labelValue" maxTextWidth="300"/> 
    <inputfield style="inputfieldrounded" width="260" topLeft="5@0" player="string" allowEditing="true"/>
    <hbox cellInset="3">
      <stretchbutton width="55" label="Ok" action="ok" /> 
      <stretchbutton width="55" label="Cancel" action="cancelValue" /> 
    </hbox>
  </vbox>
</tweakui>
