<?xml version="1.0"?>
<tweakui>
	<box style="uebergangshg" extent="153@74">
		<label style="labeldialogheader" label="Save" topLeft="1@0" player="labelValue"/>

		<dropdownlist width="140" topLeft="8@22" player="savingName" items="libraryStyleNames" allowEditing="true" editingAction="savingNameIsChanging"/>
		<image style="dropdownleftEnd" locked="true" topLeft="5@22"/>
		
		<stretchbutton width="55" label="Cancel" topLeft="5@48" action="cancelValue"/>
		<!--<button topLeft="5@45" label="Cancel" style="button_dialog" action="cancelValue"/>	-->	
		
		<boxswitcher style="boxswitcher" switcher="overrideMode" topLeft="65@48" extent="55@20">
			<stretchbutton width="55" id="normal" label="Save" action="saveValue"/>
			<stretchbutton width="55" id="override" label="Replace" action="saveValue"/>
		</boxswitcher> 
	</box> 
</tweakui>
