<?xml version="1.0"?>
<tweakui>
	<box style="uebergangshg" extent="125@98">
		<label style="labeldialogheader" label="Booksize" topLeft="1@0" player="labelValue"/>
		
		<dropdownlist width="112" topLeft="8@20" player="defaultSize" items="defaultSizesList" allowEditing="true"/>
		<image style="dropdownleftEnd" locked="true" topLeft="5@20"/>
		
		<unitinputfield style="inputfieldrounded" type="number" extent="52@20" topLeft="5@46" player="sizeX" minValue="1" sophieUnit="lengthUnit"/>

		
		<label label="x" topLeft="57@49"/>
		<unitinputfield style="inputfieldrounded" type="number" extent="52@20" topLeft="69@46" player="sizeY" minValue="1" sophieUnit="lengthUnit"/>

		
		<stretchbutton width="55" label="Cancel" topLeft="5@72" action="cancelValue"/>
		<stretchbutton width="55" label="OK" topLeft="65@72" action="saveValue"/>  

	</box> 
</tweakui>
