<?xml version="1.0"?>
<tweakui>
	<vbox style="uebergangshg" layoutInset="5@5" cellInset="6">		
		<label style="labeldialogheader" label="Search:"/>
		<inputfield style="inputfieldrounded" hResizing="spaceFill" player="searchPhrase" grabKeyboardFocus="activateSearching"/>
		<hbox cellInset="5">	
  		<stretchbutton width="60" label="Previous" action="findPrevious" balloonHelp="find previous occurence of search phrase"/>
	   	<stretchbutton width="60" label="Next" action="findNext" balloonHelp="find next occurence of search phrase"/>
		</hbox>	
		<label style="labeldialogheader" label="Replace with:"/>		
		<inputfield style="inputfieldrounded" hResizing="spaceFill" width="129" player="replacePhrase"/>		
		<hbox cellInset="5">			
  		<stretchbutton width="81" label="Replace" action="replace"/>
	   	<stretchbutton width="50" label="All" action="replaceAll" balloonHelp="Replace all search results"/>
		</hbox>	
	</vbox>	
</tweakui>
