<?xml version="1.0"?>
<tweakui>
  <hbox   id="statusBar" style="titlebar" align="leftCenter" layoutInset="3@3">
    <hbox cellPositioning="center" layoutInset="10@0" cellInset="3@3">
      <pushbutton style="buttonOpen" balloonHelp="open book" action="openBook" />
      <pushbutton style="buttonSave" balloonHelp="save book" action="saveBook" />
      <pushbutton style="buttonNew" balloonHelp="create new book" action="newBook" />
      <pushbutton style="buttonClose" balloonHelp="close book" action="closeBook" />
    </hbox>
    <hbox height="4" hResizing="spaceFill" listCentering="center">
      <hbox cellPositioning="center">
        <image style="magnifier"/>
        <pushbutton topLeft="210@3" style="findPrevious"  action="findPreviousPagewise" />
        <textbox topLeft="85@0" width="160" style="outputBox"  acceptAction="findNextPagewise" id="findOnPage" player="findOnPage" />
        <pushbutton topLeft="210@11" style="findNext" action="findNextPagewise" />
      </hbox>
    </hbox>
    <hbox cellPositioning="center" layoutInset="10@0" cellInset="3@3">
      <pushbutton style="pageUp" action="pageUp" />
      <pageinput allowEditing="true" hResizing="shrinkWrap" style="pageBox" id="pageNr" player="pageNr" pageCount="pageCount"/>
      <pushbutton style="pageDown" action="pageDown" />
    </hbox>    
  </hbox>
</tweakui>
