<?xml version="1.0"?>
<tweakui>
	<vbox style="uebergangshg" cellInset="5" layoutInset="5@5">
		<label label="Options"/>

		<hbox cellInset="5" layoutInset="5@0" cellPositioning="leftCenter">
		<checkbox player="includeFonts"/>
		<label label="include fonts"/>
		</hbox>
    
    
<!--    <hbox cellInset="5" layoutInset="5@0">
		<checkbox player="olpcFlag"/>
		<label label="publish for olpc"/>
		</hbox> -->
		
		
		
		<hbox cellInset="5">
		<stretchbutton width="55" label="Cancel" topLeft="5@72" action="cancelValue"/>
		<stretchbutton width="55" label="Publish" topLeft="65@72" action="saveValue"/>  
		</hbox>
	</vbox> 
</tweakui>
