<?xml version="1.0"?>
<tweakui>
  <vbox style="uebergangshg" layoutInset="3@3" wrapCentering="center" cellPositioning="center" cellInset="3">
    <label style="labeldialogheader" label="Add Server"/>
    <hbox cellInset="3" visibleOn="urlEditing">
      <label style="labeldialogheader" label="Server url"/>
      <inputfield style="inputfieldrounded" width="260" topLeft="5@0" player="serverURL" allowEditing="true"/>
    </hbox>
    <hbox cellInset="3">
      <label style="labeldialogheader" label="Username"/>
      <inputfield style="inputfieldrounded" width="260" topLeft="5@0" player="user" allowEditing="true"/>      
    </hbox>
    <hbox cellInset="3">      
      <label style="labeldialogheader" label="Password"/>
      <passwordinputfield style="inputfieldrounded" width="260" topLeft="5@0" player="password" allowEditing="true"/>
    </hbox>
    <hbox cellInset="3">
      <stretchbutton width="55" label="Ok" action="ok" />
      <stretchbutton width="55" label="Cancel" action="cancelValue" />
    </hbox>
  </vbox>
</tweakui>
