<?xml version="1.0"?>
	<tweakui>
		<box style="uebergangshg" extent="340@300">
			<label style="labeldialogheader" label="Author" topLeft="2@0"/>
			<inputfield style="inputfieldrounded" width="330" height="20" topLeft="5@20" player="authorText"/>
		

			<label style="labeldialogheader" label="Comment" topLeft="2@40"/>
			<texteditor width="330" height="208" topLeft="5@60" player="commentText" field="editor"/>
			<stretchbutton width="22" label="B" topLeft="5@274" action="toggleBold"/>				
			<stretchbutton width="55" label="Cancel" topLeft="220@274" action="cancelValue"/>
			<stretchbutton width="55" label="Commit" topLeft="280@274" action="saveValue"/>
		</box> 
	</tweakui>
