<?xml version="1.0"?>
<tweakui>
	<tooldrawer drawerDirection="down">
	
		<drawermain>		
			<box style="uebergangshg" extent="235@57">
				<!--<image style="header_dottedline" topLeft="0@10"/>
				<label label="Anchor" topLeft="2@0"/>
				<label label="Reference" topLeft="118@0"/>-->
				
				<dropdownlist width="170" topLeft="10@12" player="anchorObject" items="anchorObjectTypes" allowEditing="false"/><image style="dropdownleftEnd" topLeft="0@12"/>
				
				<boxswitcher switcher="anchorObject" topLeft="187@5" extent="44@47">			
			 		<box id="page" topLeft="187@5" >
						<image style="image_referencepage" topLeft="0@0"/>
						<radiobutton style ="radiobuttonAnchorreference" topLeft="0@0" action="setTopLeft" selectOn="topLeft"/>
						<radiobutton style ="radiobuttonAnchorreference" topLeft="17@0" action="setTopCenter" selectOn="topCenter"/>
						<radiobutton style ="radiobuttonAnchorreference" topLeft="34@0" action="setTopRight" selectOn="topRight"/>
						<radiobutton style ="radiobuttonAnchorreference" topLeft="0@19" action="setLeftCenter" selectOn="leftCenter"/>
						<radiobutton style ="radiobuttonAnchorreference" topLeft="17@19" action="setCenter" selectOn="center"/>
						<radiobutton style ="radiobuttonAnchorreference" topLeft="34@19" action="setRightCenter" selectOn="rightCenter"/>
						<radiobutton style ="radiobuttonAnchorreference" topLeft="0@38" action="setBottomLeft" selectOn="bottomLeft"/>
						<radiobutton style ="radiobuttonAnchorreference" topLeft="17@38" action="setBottomCenter" selectOn="bottomCenter"/>
						<radiobutton style ="radiobuttonAnchorreference" topLeft="34@38" action="setBottomRight" selectOn="bottomRight"/>
					</box>
			  
					<box id="frame" topLeft="187@5" >
						<image style="image_referenceframe" topLeft="0@0"/>
						<radiobutton style ="radiobuttonAnchorreference" topLeft="1@1" action="setTopLeft" selectOn="topLeft"/>
						<radiobutton style ="radiobuttonAnchorreference" topLeft="17@1" action="setTopCenter" selectOn="topCenter"/>
						<radiobutton style ="radiobuttonAnchorreference" topLeft="33@1" action="setTopRight" selectOn="topRight"/>						
						<radiobutton style ="radiobuttonAnchorreference" topLeft="1@19" action="setLeftCenter" selectOn="leftCenter"/>
						<radiobutton style ="radiobuttonAnchorreference" topLeft="17@19" action="setCenter" selectOn="center"/>
						<radiobutton style ="radiobuttonAnchorreference" topLeft="33@19" action="setRightCenter" selectOn="rightCenter"/>						
						<radiobutton style ="radiobuttonAnchorreference" topLeft="1@37" action="setBottomLeft" selectOn="bottomLeft"/>
						<radiobutton style ="radiobuttonAnchorreference" topLeft="17@37" action="setBottomCenter" selectOn="bottomCenter"/>
						<radiobutton style ="radiobuttonAnchorreference" topLeft="33@37" action="setBottomRight" selectOn="bottomRight"/>
					</box>
			  
					<box id="paragraph" topLeft="187@5" >
						<image style="image_referenceparagraph" topLeft="0@0"/>
						<radiobutton style ="radiobuttonAnchorreference" topLeft="3@4" action="setTopLeft" selectOn="topLeft"/>
						<radiobutton style ="radiobuttonAnchorreference" topLeft="17@4" action="setTopCenter" selectOn="topCenter"/>
						<radiobutton style ="radiobuttonAnchorreference" topLeft="31@4" action="setTopRight" selectOn="topRight"/>
						<radiobutton style ="radiobuttonAnchorreference" topLeft="3@14" action="setLeftCenter" selectOn="leftCenter"/>
						<radiobutton style ="radiobuttonAnchorreference" topLeft="17@14" action="setCenter" selectOn="center"/>
						<radiobutton style ="radiobuttonAnchorreference" topLeft="31@14" action="setRightCenter" selectOn="rightCenter"/>
						<radiobutton style ="radiobuttonAnchorreference" topLeft="3@24" action="setBottomLeft" selectOn="bottomLeft"/>
						<radiobutton style ="radiobuttonAnchorreference" topLeft="17@24" action="setBottomCenter" selectOn="bottomCenter"/>
						<radiobutton style ="radiobuttonAnchorreference" topLeft="31@24" action="setBottomRight" selectOn="bottomRight"/>
					</box>
			  
					<box id="character" topLeft="187@5" >
						<image style="image_referencecharacter" topLeft="0@0"/>
					</box>
					 
					<box id="inline" topLeft="187@5" >
						<image style="image_referenceinline" topLeft="0@0"/>
					</box>
			  
					<box id="line" topLeft="187@5" >
						<image style="image_referenceline" topLeft="0@0"/>
					</box>
					
				</boxswitcher>      
			</box>  
		</drawermain>
	
		<drawertools>  
	  		<!-- inline submenu: -->
			<boxswitcher switcher="offsetAnchorType" extent="235@63">				
				  
				<box id="inline" style="uebergangshg" extent="235@63">
					<box style="emptyBox" width="235" topLeft="0@0" ></box>
					
					<radiobutton style="checkbox" topLeft="7@10" action="setOffsetTop" selectOn="topOffset"/>
					<label label="top" topLeft="28@2"/>
					
					<radiobutton style="checkbox" topLeft="7@38" action="setOffsetBottom" selectOn="bottomOffset"/>
					<label label="bottom" topLeft="28@30"/>
					
					<radiobutton style="checkbox" topLeft="111@10" action="setOffsetCenter" selectOn="centerOffset"/>
					<label label="centerline " topLeft="132@2"/>
					
					<radiobutton style="checkbox" topLeft="111@38" action="setOffsetBase" selectOn="baseOffset"/>
					<label label="baseline" topLeft="132@30"/>
					
				</box>
	  
				<box id="box" style="uebergangshg" extent="235@63">				
					<box style="emptyBox" width="235" topLeft="0@0" ></box>
					
					<!--<image style="icon_x" topLeft="2@15"/>-->
					<unitinputfield style="unitinputfield" type="number" width="63" topLeft="10@13" player="offsetX" type="number" sophieUnit="lengthUnit"/>
					<image style="dropdownleftEnd" topLeft="0@13"/>
					<image style="dropdownrightEnd" topLeft="62@13"/>
					
					<label label="@" topLeft="80@15"/>
					
					<!--<image style="icon_y" topLeft="2@56"/>-->		
					<unitinputfield style="unitinputfield" type="number" width="63" topLeft="112@13"  player="offsetY" type="number" sophieUnit="lengthUnit"/>
					<image style="dropdownleftEnd" topLeft="102@13"/>
					<image style="dropdownrightEnd" topLeft="164@13"/>					
		  
					<box topLeft="188@10">
						<radiobutton style ="radiobuttonObjectreference" topLeft="0@0" action="setOffsetTopLeft" selectOn="topLeftOffset"/>
						<radiobutton style ="radiobuttonObjectreference" topLeft="14@0" action="setOffsetTopCenter" selectOn="topCenterOffset"/>
						<radiobutton style ="radiobuttonObjectreference" topLeft="28@0" action="setOffsetTopRight" selectOn="topRightOffset"/>
																																		  
						<radiobutton style ="radiobuttonObjectreference" topLeft="0@14" action="setOffsetLeftCenter" selectOn="leftCenterOffset"/>
						<radiobutton style ="radiobuttonObjectreference" topLeft="14@14" action="setOffsetCenter" selectOn="centerOffset"/>
						<radiobutton style ="radiobuttonObjectreference" topLeft="28@14" action="setOffsetRightCenter" selectOn="rightCenterOffset"/>
																																		  
						<radiobutton style ="radiobuttonObjectreference" topLeft="0@28" action="setOffsetBottomLeft" selectOn="bottomLeftOffset"/>
						<radiobutton style ="radiobuttonObjectreference" topLeft="14@28" action="setOffsetBottomCenter" selectOn="bottomCenterOffset"/>
						<radiobutton style ="radiobuttonObjectreference" topLeft="28@28" action="setOffsetBottomRight" selectOn="bottomRightOffset"/>
					</box>									
				</box>
							
			</boxswitcher>			   
		</drawertools>	
		
	</tooldrawer>	
</tweakui>
