<?xml version="1.0"?>
<tweakui>
	<!--<tooldrawer drawerDirection="down">
		<drawermain>-->
			<box style="uebergangshg" extent="127@145">
				<!--<box>-->
					<label label="horizontal" topLeft="3@0"/>
					
					<button style ="alignAtTop" topLeft="7@33" action="alignAtTop" />
			  	  	<button style ="alignAtCenterHorizontal" topLeft="47@33" action="alignAtCenterHorizontal" />			
         	 		<button style ="alignAtBottom" topLeft="87@33" action="alignAtBottom" />
					
					      
					<label label="vertical" topLeft="3@72"/>
					<box style="emptyBox" width="127" topLeft="0@73" ></box>
         		<!--<hbox cellInset="3">   -->       	
					<button style ="alignAtLeft" topLeft="7@105" action="alignAtLeft" />
					<button style ="alignAtCenterVertical" topLeft="47@105" action="alignAtCenterVertical" />			
					<button style ="alignAtRight" topLeft="87@105" action="alignAtRight" />
         		<!--</hbox>			  
			 </box>-->
			</box>
		<!--</drawermain>
		  
		<drawertools>

		</drawertools>
	</tooldrawer>-->
</tweakui>
