<?xml version="1.0"?>
	<tweakui>
		<box style="uebergangshg" extent="225@155">

		<!--<dropdownlist width="135" topLeft="5@5"/>
			<button style ="buttonSave" topLeft="145@5" action="saveStyle"/>-->
			
			<label label="opacity:" topLeft="80@0"/>
			<label topLeft="151@0" player="overallOpacityString" />
			<slider width="211" topLeft="7@30" player="overallAlpha" min="0.0" max="1.0" autoUpdate="false"/>
 
			<box style="emptyBox" width="225" topLeft="0@57" ></box>
			
			<!--<application application="areaStyleEditor">-->
			<application application="fillStyleEditor">				
				<image style="icon_fillpattern" topLeft="5@66"/>
				<dropdownlist width="131" topLeft="48@65" items="fillTypes" selection="fillType"/>
				<image style="dropdownleftEnd" topLeft="38@65"/>
				
				<boxswitcher style="box" topLeft="186@65" extent="34@34" switcher="fillTypeCategory">
					<colorchooser id="solid" player="fillColor"/>
					<gradientchooser id="gradient" player="previewStyle"/> 
					<imagechooser id="pattern" player="fillPattern" extent="20@20"/>			  
				</boxswitcher>				
			</application>
				
			<box style="emptyBox" width="225" topLeft="0@106" ></box>
		  			
			<application application="borderStyleEditor">
							
				<application application="lineStyleEditor">						
							
					<image style="icon_linewidth" topLeft="5@119"/>
					<unitdropdownlist width="91" topLeft="48@114" allowEditing="true" player="lineWidth" sophieUnit="lengthUnit"/>
					<image style="dropdownleftEnd" topLeft="38@114"/>
					
					<application application="fillStyleEditor">	
						<colorchooser style="colorchooserFontfrontcolor" topLeft="182@114" player="fillColor"/>
						<image style="colorchooserFontbackcolor" topLeft="182@114" locked="true"/>
					</application>	
					
				</application>		
									
			</application>
				
		</box>
	</tweakui>
