<?xml version="1.0"?>
	<tweakui>
		<box style="uebergangshg" extent="225@137">			
			<!--<image style="icon_VisualState" topLeft="10@15"/>
			<label label="visual state " topLeft="7@7"/>-->
			<dropdownlist width="210" topLeft="10@7" player="selectedState" items="knownStates"/><image style="dropdownleftEnd" topLeft="0@7"/>
			
			<application application="areaStyleEditor">			
			
				<application application="fillStyleEditor">
					<!--<image style="header_filling" topLeft="5@35"/>
					<label label="Filling " topLeft="1@27"/>-->
										
					<boxswitcher style="box" topLeft="186@51" extent="34@34" switcher="fillTypeCategory">
						<colorchooser id="solid" topLeft="10@55" player="fillColor"/>
						<gradientchooser id="gradient" topLeft="10@50" player="previewStyle"/> 
						<imagechooser id="pattern" topLeft="10@55" player="fillPattern" extent="20@20"/>			  
					</boxswitcher>					
										
					<image style="icon_fillpattern" topLeft="5@52"/>
					<dropdownlist width="131" topLeft="48@51" items="fillTypes" selection="fillType"/>
					<image style="dropdownleftEnd" topLeft="38@51"/>					
					
					<!--<colorchooser topLeft="10@55" player="fillColor"/>					
					<image style="icon_fillpattern" topLeft="55@55"/>
					<dropdownlist width="85" topLeft="80@55" items="fillTypes" selection="fillType"/>-->	
				</application>
				
				<application application="borderStyleEditor">							
					<!--<image style="header_border" topLeft="5@75"/>
					<label label="Border" topLeft="1@68"/>-->
					
					<application application="lineStyleEditor">	  					
						<image style="icon_linewidth" topLeft="5@100"/>
						<unitdropdownlist width="79" topLeft="48@95" player="lineWidth" sophieUnit="lengthUnit"/>
						<image style="dropdownleftEnd" topLeft="38@95"/>
		
						<application application="fillStyleEditor">	   		
							<!--<image style="icon_linepattern" topLeft="75@90"/>
							<dropdownlist width="65" topLeft="75@87"/>-->
							<colorchooser style="colorchooserFontfrontcolor" topLeft="182@95"player="fillColor"/>
							<image style="colorchooserFontbackcolor" topLeft="182@95" locked="true"/>
						</application>						               	
					</application>								
				</application>
				
				<box style="emptyBox" width="225" topLeft="0@136" ></box>
			</application>
			

		</box>
	</tweakui>
