<?xml version="1.0"?>
	<tweakui>
		<box style="uebergangshg" extent="245@92">
		
			<!--<image style="icon_Normal" topLeft="10@15"/>-->
			<label label="normal" topLeft="3@7"/>
			<colorchooser style="colorchooserFontfrontcolor" topLeft="85@7" player="normalColor"/>
			<image style="colorchooserFontbackcolor" topLeft="85@7" locked="true"/>
			
			<!--<image style="icon_Over" topLeft="89@18"/>-->
			<label label="over" topLeft="131@7"/>
			<colorchooser style="colorchooserFontfrontcolor" topLeft="201@7" player="overColor"/>
			<image style="colorchooserFontbackcolor" topLeft="201@7" locked="true"/>
			
			<!--<image style="icon_Pressed" topLeft="10@40"/>-->
			<label label="pressed" topLeft="3@51"/>
			<colorchooser style="colorchooserFontfrontcolor" topLeft="85@51" player="pressedColor"/>
			<image style="colorchooserFontbackcolor" topLeft="85@51" locked="true"/>
			
			<!--<image style="icon_Visited" topLeft="89@40"/>-->
			<label label="visited" topLeft="131@51"/>
			<colorchooser style="colorchooserFontfrontcolor" topLeft="201@51" player="visitedColor"/>
			<image style="colorchooserFontbackcolor" topLeft="201@51" locked="true"/>
			
		</box>
	</tweakui>
