<?xml version="1.0"?>
	<tweakui>
		<box style="uebergangshg" extent="225@49">
			<box style="emptyBox" width="225" topLeft="0@0" ></box>
			<!--<image style="icon_showannobeam" topLeft="25@9"/>-->			
			<label label="annobeam" topLeft="31@8"/>			
			<checkbox style="checkbox" topLeft="10@16" player="showAnnobeam"/>	
      		<colorchooser visibleOn="showAnnobeam" style="colorchooserFontfrontcolor" player="beamColor" extent="20@14" topLeft="181@8"/>				
			<image style="colorchooserFontbackcolor" visibleOn="showAnnobeam" topLeft="181@8" locked="true"/>
			
		</box>
	</tweakui>
