<?xml version="1.0"?>
<tweakui>
	<!--<vbox style="uebergangshg" layoutInsetX="5">		
		<label label="Search:"/>
		<inputfield width="90" hResizing="spaceFill" player="searchPhrase" acceptAction="findNext"/>		
		<label label="Replace with:"/>		
		<inputfield width="90" hResizing="spaceFill" player="replacePhrase"/>						
			
		<hbox layoutInsetY="5">
			<stretchbutton width="50" label="Replace" action="replace"/>
			<stretchbutton width="25" label="All" action="replaceAll" balloonHelp="Replace all search results"/>
		</hbox>		
	</vbox>-->
	
	<box style="uebergangshg">		
		<!--<label label="Search:" topLeft="1@-2"/>-->
		<inputfield style="inputfieldWeiss" width="175" hResizing="spaceFill" player="searchPhrase" acceptAction="findNext" topLeft="10@5"/>
		<image style="inputfieldWeissLeftEnd" topLeft="0@5"/>
		<image style="inputfieldWeissRightEnd" topLeft="174@5"/>

		
		<label label="Replace with:" topLeft="1@41"/>		
		<inputfield style="inputfieldWeiss" width="175" player="replacePhrase" topLeft="10@72"/>
		<image style="inputfieldWeissLeftEnd" topLeft="0@72"/>
		<image style="inputfieldWeissRightEnd" topLeft="174@72"/>			
		
		<stretchbutton width="100" label="Replace" action="replace" topLeft="5@113"/>
		<stretchbutton width="78" label="All" action="replaceAll" balloonHelp="Replace all search results" topLeft="112@113"/

	</box>	
</tweakui>
