<?xml version="1.0"?>
	<tweakui>	
		
		<box style="uebergangshg" extent="274@161">
			<!--<label label="alpha:" topLeft="60@1"/>
			<label topLeft="105@1" player="fillAlpha"/>
  			<slider width="130" topLeft="5@16" player="fillAlpha" min="0.0" max="1.0"/>-->
		
			<image style="icon_rotation" topLeft="7@7"/>
			<inputfield type="number" width="74" topLeft="49@7" player="directionAngle"/>
			<image style="dropdownleftEnd" topLeft="39@7"/>
			<image style="dropdownrightEnd" topLeft="112@7"/>			
			
			<box style="emptybox" topLeft="7@43" extent="218@50">
				<radiobutton style="checkbox" topLeft="0@8" selectOn="absolute" action="setAbsolute" player="relativeMode"/>
				<label label="absolute" topLeft="21@0"/>			
				
				<radiobutton style="checkbox" topLeft="124@8"  selectOn="relative" action="setRelative"/>
				<label label="relative" topLeft="145@0"/>			
			</box>
			
			
			<boxswitcher style="emptybox" switcher="sizeMode" topLeft="7@79" extent="274@75">					
			  
			  <box style="emptybox" id="absolute" topLeft="0@0">  	
	
					<image style="icon_offsetx" topLeft="0@3"/>
					<unitinputfield style="unitinputfield" width="74" topLeft="42@0" player="offsetX" sophieUnit="lengthUnit"/>				
					<image style="dropdownleftEnd" topLeft="32@0"/>
					<image style="dropdownrightEnd" topLeft="105@0"/>
					
					<image style="icon_offsety" topLeft="0@44"/>
					<unitinputfield width="74" topLeft="42@41" player="offsetY" sophieUnit="lengthUnit"/>			
					<image style="dropdownleftEnd" topLeft="32@41"/>
					<image style="dropdownrightEnd" topLeft="105@41"/>
					
					<image style="icon_w" topLeft="128@7"/>
					<unitinputfield style="unitinputfield" width="74" topLeft="157@0" player="offsetX" sophieUnit="lengthUnit"/>				
					<image style="dropdownleftEnd" topLeft="147@0"/>
					<image style="dropdownrightEnd" topLeft="220@0"/>
					
					<image style="icon_h" topLeft="129@48"/>
					<unitinputfield width="74" topLeft="157@41" player="offsetY" sophieUnit="lengthUnit"/>			
					<image style="dropdownleftEnd" topLeft="147@41"/>
					<image style="dropdownrightEnd" topLeft="220@41"/>
					
					<checkbox style ="checkboxLocked" topLeft="236@16" player="proportionalSizing"/>
				</box>
				
				
				<box style="emptybox" id="relative" topLeft="0@0">  	
	
					<image style="icon_offsetx" topLeft="0@3"/>					
					<inputfield style="unitinputfield" type="number" width="74" topLeft="42@0" player="offsetX"/>				
					<image style="dropdownleftEnd" topLeft="32@0"/>
					<image style="dropdownrightEnd" topLeft="105@0"/>
					
					<image style="icon_offsety" topLeft="0@44"/>
					<inputfield style="unitinputfield" type="number" width="74" topLeft="42@41" player="offsetY"/>			
					<image style="dropdownleftEnd" topLeft="32@41"/>
					<image style="dropdownrightEnd" topLeft="105@41"/>
					
					<image style="icon_x" topLeft="128@7"/>
					<inputfield style="unitinputfield" type="number" width="74" topLeft="157@0" player="directionLength"/>				
					<image style="dropdownleftEnd" topLeft="147@0"/>
					<image style="dropdownrightEnd" topLeft="220@0"/>
					
					<image style="icon_y" topLeft="129@48"/>
					<inputfield style="unitinputfield" type="number" width="74" topLeft="157@41" player="normalLength"/>			
					<image style="dropdownleftEnd" topLeft="147@41"/>
					<image style="dropdownrightEnd" topLeft="220@41"/>
					
					<checkbox style ="checkboxLocked" topLeft="236@16" player="proportionalSizing"/>
		  
				</box>
				
				    
			</boxswitcher>
			
		</box>
		
</tweakui>
