<?xml version="1.0"?>
<tweakui>
	<box style="uebergangshg" extent="125@95">
		<image style="image_hglighteffect" topLeft="2@3"/>
		<label style="labeldialogheader" label="Book size" topLeft="2@0" player="labelValue"/>
		<dropdownlist width="115" topLeft="5@20" player="defaultSize" items="defaultSizesList" allowEditing="true"/>
		<unitinputfield type="number" width="45" topLeft="5@45" player="sizeX" minValue="1" sophieUnit="lengthUnit"/>
		<label label="x" topLeft="57@46"/>
		<unitinputfield type="number" width="45" topLeft="75@45" player="sizeY" minValue="1" sophieUnit="lengthUnit"/>
		
		<button style ="button_dialog" label="Cancel" topLeft="5@70" action="cancelValue"/>
		<!--<label style="labelbutton" label="Cancel" topLeft="15@72"/>-->
		<button style="button_dialog" label="OK" topLeft="64@70" action="saveValue"/>  
    	<!--<label style="labelbutton" label="OK" topLeft="81@72"/>-->
	</box> 
</tweakui>
