<?xml version="1.0"?>
<tweakui>
  <vbox style="uebergangshg" layoutInset="3@3" wrapCentering="center" cellPositioning="center" cellInset="3">
    <label style="labeldialogheader" player="labelValue" /> 
    <inputfield style="inputfield" width="115" topLeft="5@20" player="string" allowEditing="true"/>
    <hbox cellInset="3">
      <button label="Ok" style="button_dialog" action="ok" /> 
      <button label="Cancel" style="button_dialog" action="cancelValue" /> 
    </hbox>
  </vbox>
</tweakui>
