<?xml version="1.0"?>
	<tweakui>
		<box style="uebergangshg" extent="260@150">
			<!--image style="image_hglighteffect" topLeft="2@3"/>			
			<label style="labeldialogheader" label="Subject " topLeft="2@0" player="labelValue"/>
			<inputfield width="250" topLeft="5@20" player="subjectText"/>

			<image style="image_hglighteffect" topLeft="2@43"/>
			<label style="labeldialogheader" label="Author " topLeft="2@40" player="labelValue"/>
			<inputfield width="250" topLeft="5@60" player="authorText"/>

			<image style="image_hglighteffect" topLeft="2@83"/>
			<label style="labeldialogheader" label="Comment " topLeft="2@80" player="labelValue"/>
			<texteditor width="250" topLeft="5@100" player="commentText" style="inputfield"/>
				
			<button style="button_dialog" label="Post" topLeft="198@165" action="postComment"/-->
			<!-- disabled="true" enableOn="onCommentTextChanged" -->

			<image style="image_hglighteffect" topLeft="2@3"/>
			<label style="labeldialogheader" label="Author " topLeft="2@0"/>
			<inputfield width="250" topLeft="5@20" player="authorText"/>

			<image style="image_hglighteffect" topLeft="2@43"/>
			<label style="labeldialogheader" label="Comment " topLeft="2@40"/>
			<texteditor width="250" topLeft="5@60" player="commentText" style="inputfield"/>
				
			<button style="button_dialog" label="Commit" topLeft="130@125" action="saveValue"/>
			<button style="button_dialog" label="Cancel" topLeft="198@125" action="cancelValue"/>
		</box> 
	</tweakui>
