<?xml version="1.0"?>
<tweakui>
	<box style="uebergangshg" extent="125@70">
		<image style="image_hglighteffect" topLeft="2@3"/>
		<label style="labeldialogheader" label="Save" topLeft="2@0" player="labelValue"/>
		<!--dropdownlist inhalt-->
		<dropdownlist width="115" topLeft="5@20" player="savingName" items="libraryStyleNames" allowEditing="true" editingAction="savingNameIsChanging"/>
		
		<button topLeft="5@45" label="Cancel" style="button_dialog" action="cancelValue"/>		
		
		<boxswitcher style="boxswitcher" switcher="overrideMode" topLeft="63@45" extent="57@20">
			<button id="normal" label="Save" style="button_dialog" action="saveValue"/>
			<button id="override" label="Replace" style="button_dialog" action="saveValue"/>
		</boxswitcher> 
	</box> 
</tweakui>
