<?xml version="1.0"?>
<tweakui>
	<!-- hintergrund-->
		  <box style="uebergangshg" id="frame" hResizing="spaceFill" vResizing="spaceFill" height="150" >
	         <boxswitcher topLeft="4@4" switcher="recordingState" style="emptybox" width="33" height="32">        
	          <pushbutton enableOn="hasBook" id="notRecording" style="recordButton" action="recordPressed"/>
	          <pushbutton enableOn="hasBook" id="recording" style="stopButton" action="stopPressed"/>      
	         </boxswitcher>

	         <boxswitcher topLeft="40@4" switcher="playingState" style="emptybox" width="33" height="32">        
	          <pushbutton enableOn="hasRecording"  id="isNotPlaying" style="playButton" action="playPressed"/>      
	          <pushbutton enableOn="hasRecording" id="isPlaying" style="stopButton" action="stopPlayingPressed"/>      
	         </boxswitcher>
	
	          <pushbutton enableOn="hasRecording" topLeft="4@40"id="save" style="saveButton" action="savePressed"/>  
	
	
	    	 <label style="label" width="60" height="20" player="recordingLabelText" topLeft="76@14"/>
		  </box>			     
</tweakui>
