<?xml version="1.0"?>
<tweakui>
  <hbox   id="statusBar" style="titlebar" align="leftCenter" layoutInset="3@3">
    <hbox cellPositioning="center" layoutInset="10@0" cellInset="3@3">
      <pushbutton topLeft="5@2" style="pageUp" player="pageUp" action="pageUp" />
      <pageinput topLeft="26@0" hResizing="shrinkWrap" allowEditing="true" style="pageBox" id="pageNr" player="pageNr" pageCount="pageCount"/>
      <pushbutton  topLeft="56@2" style="pageDown" player="pageDown"  action="pageDown" />
    </hbox>
    <hbox height="4" hResizing="spaceFill" listCentering="center">
      <hbox cellPositioning="center">
        <image style="magnifier"/>
        <pushbutton topLeft="210@3" style="findPrevious"  action="findPreviousPagewise" />
        <textbox topLeft="85@0" width="160" style="outputBox"  acceptAction="findNextPagewise" id="findOnPage" player="findOnPage" />
        <pushbutton topLeft="210@11" style="findNext" action="findNextPagewise" />
      </hbox>
    </hbox>
    <box extent="100@22">
<!-- empty for now, to keep symmetry-->
    </box>    
  </hbox>
</tweakui>
