<?xml version="1.0"?>
<tweakui>
  <vbox cellInset="10" layoutInsetX="10" layoutInsetY="10">
    <label label="print current book" />
    
    <hbox cellInset="10">
      <label label="paper size"/>
      <dropdownlist player="paperSize" items="paperSizeItems"/>
    </hbox>
    <hbox cellInset="10">
      <label label="orientation"/>
      <dropdownlist player="orientation" items="orientationItems"/>
    </hbox>
    <hbox cellInset="10">
      <label label="scale"/>
      <inputfield   player="scale" type="number"/>
    </hbox>
    <checkbox     player="printToFile" label="print to file"/>
    <inputfield   player="fileName"    disableOn="printToFile" width="100"/>
    <hbox cellInset="10" >
      <button label="cancel" action="cancelPrinting" />
      <button label="print"  action="startPrinting" />
    </hbox>
  </vbox>
</tweakui>
