<?xml version="1.0"?>
	<tweakui>
		<vbox style="uebergangshg" extent="170@178">
			<application application="areaStyleEditor">
      <box extent="170@110">      			
				<application application="fillStyleEditor">

					<box style="emptyBox" width="137" topLeft="37@36"></box>					
					<label label="Filling" topLeft="1@25"/>
					
					<boxswitcher style="box" topLeft="143@45" extent="20@20" switcher="fillTypeCategory">
						<colorchooser id="solid" topLeft="10@55" player="fillColor"/>
						<gradientchooser id="gradient" topLeft="10@50" player="previewStyle"/>
						<imagechooser id="pattern" topLeft="10@55" player="fillPattern" extent="20@20"/>			  
					</boxswitcher>
					
					<image style="icon_fillpattern" topLeft="5@47"/>
					<dropdownlist width="109" topLeft="29@45" items="fillTypes" selection="fillType"/>
					<image style="dropdownleftEnd" locked="true" topLeft="26@45"/>					
					
				</application>
				
				<application application="borderStyleEditor">
										
					<box style="emptyBox" width="133" topLeft="41@76"></box>
					<label label="Border" topLeft="1@65"/>
					
					<application application="lineStyleEditor">	  					
						<image style="icon_linewidth" topLeft="5@89"/>
						<unitinputfield style="inputfield" width="44" topLeft="29@85" player="lineWidth" sophieUnit="lengthUnit"/>						
						<image style="dropdownleftEnd" locked="true" topLeft="26@85"/>						
						<image style="dropdownrightEnd" locked="true" topLeft="67@85"/>
			
						<application application="fillStyleEditor">	   		
							<dropdownlist width="54" topLeft="84@85"/>
							<colorchooser style="colorchooserFontfrontcolor" id="color" topLeft="143@85" player="fillColor"/>
						 </application>						 
						 <image style="dropdownleftEnd" locked="true" topLeft="81@85"/>						
						 			           	
					</application>
					
				</application>
			  </box>
			  <box visibleOn="shadowAvailable" extent="170@68">
			
				<application application="shadowStyleEditor">
					<box style="emptyBox" width="127" topLeft="47@6"></box>
					<label label="Shadow" topLeft="1@-5"/>
					
					<image style="icon_shadowxoffset" topLeft="5@16"/>
					<unitinputfield style="inputfield" width="48" topLeft="31@15" player="offsetX" sophieUnit="lengthUnit"/>
					<image style="dropdownleftEnd" locked="true" topLeft="28@15"/>
					<image style="dropdownrightEnd" locked="true" topLeft="73@15"/>
					
					<image style="icon_shadowyoffset" topLeft="90@16"/>
					<unitinputfield style="inputfield" width="48" topLeft="114@15" player="offsetY" sophieUnit="lengthUnit"/>
					<image style="dropdownleftEnd" locked="true" topLeft="111@15"/>
					<image style="dropdownrightEnd" locked="true" topLeft="156@15"/>
					
					<image style="icon_shadow_sharp" topLeft="0@41"/>
					
					<slider width="90" topLeft="23@46" min="0.0" max="1.0" player="softness"/>
					<image style="icon_shadow_soft" topLeft="114@41"/>
					
					<colorchooser style="colorchooserFontfrontcolor" topLeft="143@41" player="color"/>
					<box style="emptyBox" width="170" topLeft="0@67"></box>
				</application>
				 </box>				
			</application>			
		</vbox>
	</tweakui>
