<?xml version="1.0"?>
	<tweakui>
		<box style="uebergangshg" extent="143@58">
		
			<label label="normal" topLeft="2@6"/>
			<colorchooser style="colorchooserFontfrontcolor" topLeft="48@6" player="normalColor"/>
			
			<label label="over" topLeft="76@6"/>
			<colorchooser style="colorchooserFontfrontcolor" topLeft="116@6" player="overColor"/>
			
			<label label="pressed" topLeft="2@32"/>
			<colorchooser style="colorchooserFontfrontcolor" topLeft="48@32" player="pressedColor"/>
			
			<label label="visited" topLeft="76@32"/>
			<colorchooser style="colorchooserFontfrontcolor" topLeft="116@32" player="visitedColor"/>
		
		</box>
	</tweakui>
