<?xml version="1.0"?>
	<tweakui>
		<tooldrawer drawerDirection="down">
		
			<drawermain>	   
				<box style="uebergangshg" extent="170@83">
					
					<dropdownlist width="133" topLeft="8@6" player="selectedStyleName" items="libraryStyleNames"/>
					<image style="dropdownleftEnd" locked="true" topLeft="5@6"/>
					<button style ="buttonSave" topLeft="145@6" action="storeStyle"/>
					
					<image style="icon_linespacing" topLeft="5@32"/>
					<inputfield style="inputfield" width="47" topLeft="33@32" type="number" player="lineSpacingValue"/>
					<image style="dropdownleftEnd" locked="true" topLeft="30@32"/>
					<image style="dropdownrightEnd" locked="true" topLeft="71@32"/>
					
					<dropdownlist width="77" topLeft="88@32" player="lineSpacingType" items="defaultLineSpacingTypes" allowEditing="false"/>				
					<image style="dropdownleftEnd" locked="true" topLeft="85@32"/>
					
     		 		<image style="icon_firstindent" topLeft="5@58"/>
					<unitinputfield style="inputfield" width="47" topLeft="33@58" player="indentFirst" sophieUnit="lengthUnit"/>					
					<image style="dropdownleftEnd" locked="true" topLeft="30@58"/>
					<image style="dropdownrightEnd" locked="true" topLeft="71@58"/>
		
					<radiobutton style ="checkboxLeftalign" topLeft="86@58" selectOn="left" action="setLeft"/>
					<radiobutton style ="checkboxCentered" topLeft="107@58" selectOn="center" action="setCenter"/>
					<radiobutton style ="checkboxRightalign" topLeft="128@58" selectOn="right" action="setRight"/>
					<radiobutton style ="checkboxJustify" topLeft="149@58" selectOn="justified" action="setJustified"/>
					
					<box style="emptyBox" width="170" topLeft="0@82"></box>
				</box>				
			</drawermain>
			
			<drawertools>		
				<box id="submenu" style="uebergangshg" extent="170@85">
					<!--<image style="icon_dottedline" topLeft="0@0"/>-->
					<image style="icon_indentleft" topLeft="5@6"/>
					<unitinputfield style="inputfield" player="indentLeft" sophieUnit="lengthUnit"  minValue="0" width="44" topLeft="33@6"/>
					<image style="dropdownleftEnd" locked="true" topLeft="30@6"/>
					<image style="dropdownrightEnd" locked="true" topLeft="71@6"/>
		
					<image style="icon_indentright" topLeft="90@6"/>
					<unitinputfield style="inputfield" player="indentRight" sophieUnit="lengthUnit"  minValue="0" width="44" topLeft="118@6"/>
					<image style="dropdownleftEnd" locked="true" topLeft="115@6"/>
					<image style="dropdownrightEnd" locked="true" topLeft="156@6"/>
		
					<image style="icon_spaceabove" topLeft="5@32"/>
					<unitinputfield style="inputfield" player="spaceAbove" sophieUnit="lengthUnit"  width="44" topLeft="33@32"/>
					<image style="dropdownleftEnd" locked="true" topLeft="30@32"/>
					<image style="dropdownrightEnd" locked="true" topLeft="71@32"/>
		
					<image style="icon_spacebelow" topLeft="90@32"/>
					<unitinputfield style="inputfield" player="spaceBelow" sophieUnit="lengthUnit"  width="44" topLeft="118@32"/>
					<image style="dropdownleftEnd" locked="true" topLeft="115@32"/>
					<image style="dropdownrightEnd" locked="true" topLeft="156@32"/>
					
					<image style="icon_defaultnextstyle" topLeft="5@59"/>
					<dropdownlist width="107" topLeft="58@58" player="selectedNextStyle" items="defaultNextStylesLibrary"/>
					<image style="dropdownleftEnd" locked="true" topLeft="55@58"/>
					
					<box style="emptyBox" width="170" topLeft="0@84"></box>			
					
				</box>
				

        <box id="subcharacterstyle" style="uebergangshg" extent="170@85" application="characterStyleEditor">
					
					<!-- part two: fontstyle-->
					<image style="icon_font" topLeft="3@6"/>
					<dropdownlist width="109" topLeft="29@6" itemMaker="SophieListMenuFontItem" items="fonts" player="fontName" useScrollMenu="true"/>
					<image style="dropdownleftEnd" locked="true" topLeft="26@6"/>
					<colorchooser style="colorchooserFontfrontcolor" player="fontColor" topLeft="143@6"/>
					
					<image style="icon_fontsize" topLeft="3@32"/>
					<unitdropdownlist width="58" topLeft="29@32" items="availableSizes" player="fontSize" allowEditing="true" minValue="4" maxValue="10000" precision="1"/>
					<image style="dropdownleftEnd" locked="true" topLeft="26@32"/>
					
					<checkbox style="checkboxBold" topLeft="95@32" player="bold" />
					<checkbox style="checkboxItalic" topLeft="112@32" player="italic" />
					<checkbox style="checkboxUnderlined" topLeft="130@32" player="underline" disableOn="underlineDisable"/>
					<checkbox style ="checkboxCrossed" topLeft="150@32" player="struckout" disableOn="underlineDisable" />

					<image style="icon_kerning" topLeft="5@60"/>
          <checkbox style="checkbox" topLeft="30@63" player="kerning" />
              
          <image style="icon_tracking" topLeft="54@60"/>		
					<unitinputfield style="inputfield" width="48" topLeft="82@58" type="number" player="tracking" unit="percents"/>
					<image style="dropdownleftEnd" locked="true" topLeft="79@58"/>
					<image style="dropdownrightEnd" locked="true" topLeft="124@58"/>



					<colorchooser style="colorchooserFontbackcolor" player="backColor" topLeft="143@58"/>
					
					<box style="emptyBox" width="170" topLeft="0@84"></box>	
				</box>
				
			</drawertools>
			
		</tooldrawer>		
	</tweakui>
