<?xml version="1.0"?>
<tweakui>
	<box style="uebergangshg" extent="215@167">
		<!--<image style="image_hglighteffect" topLeft="2@3"/>-->
		
		<label style="labeldialogheader" label="Booksize" topLeft="3@0" player="labelValue"/>
		
		<box style="emptyBox" width="215" topLeft="0@30" ></box>		
		
		<dropdownlist width="200" topLeft="10@38" player="defaultSize" items="defaultSizesList" allowEditing="true"/>
		<image style="dropdownleftEnd" topLeft="0@38"/>
		
		<unitinputfield style="unitinputfield" type="number" width="84" topLeft="10@82" player="sizeX" minValue="1" sophieUnit="lengthUnit"/>
		<image style="dropdownleftEnd" topLeft="0@82"/>
		<image style="dropdownrightEnd" topLeft="78@82"/>
		
		
		<!--<label label="x" topLeft="99@81"/>-->
		<image style="image_multiply" topLeft="100@92"/>
		
		<unitinputfield style="unitinputfield" type="number" width="84" topLeft="126@82" player="sizeY" minValue="1" sophieUnit="lengthUnit"/>
		<image style="dropdownleftEnd" topLeft="116@82"/>
		<image style="dropdownrightEnd" topLeft="194@82"/>
		
		
		<stretchbutton width="97" label="Cancel" topLeft="5@126" action="cancelValue"/>
		<stretchbutton width="97" label="OK" topLeft="113@126" action="saveValue"/>

	</box> 
</tweakui>
