<?xml version="1.0"?>
	<tweakui>
		<box style="uebergangshg" extent="250@297">
			<label style="labeldialogheader" label="Author" topLeft="2@0"/>
			<inputfield style="unitinputfield" width="231" topLeft="10@30" player="authorText"/>
			<image style="dropdownleftEnd" locked="true" topLeft="2@30"/>
			<image style="dropdownrightEnd" locked="true" topLeft="227@30"/>

			<label style="labeldialogheader" label="Comment" topLeft="2@65"/>
			<texteditor style="inputfieldComment" width="236" height="150" topLeft="7@96" player="commentText"/>
				
			<stretchbutton width="90" label="Cancel" topLeft="56@256" action="cancelValue"/>
			<stretchbutton width="90" label="Commit" topLeft="153@256" action="saveValue"/>
		</box> 
	</tweakui>
