<?xml version="1.0"?>
<tweakui>
	<tooldrawer drawerDirection="down">
	
		<drawermain>		
			<box style="uebergangshg" extent="170@59">

				<box style="emptyBox" width="68" topLeft="44@9"></box>
				
				<label label="Anchor" topLeft="2@-1"/>
				<label label="Reference" topLeft="112@-1"/>
				
				<dropdownlist width="118" topLeft="8@25" player="anchorObject" items="anchorObjectTypes" allowEditing="false"/>
				<image style="dropdownleftEnd" locked="true" topLeft="5@25"/>
				
				<boxswitcher switcher="anchorObject" topLeft="131@17" extent="34@35">
			 		<box id="page" topLeft="131@17" >
						<image style="image_referencepage" topLeft="0@0"/>
						<radiobutton style ="radiobuttonAnchorreference" topLeft="0@0" action="setTopLeft" selectOn="topLeft"/>
						<radiobutton style ="radiobuttonAnchorreference" topLeft="14@0" action="setTopCenter" selectOn="topCenter"/>
						<radiobutton style ="radiobuttonAnchorreference" topLeft="28@0" action="setTopRight" selectOn="topRight"/>
						<radiobutton style ="radiobuttonAnchorreference" topLeft="0@15" action="setLeftCenter" selectOn="leftCenter"/>
						<radiobutton style ="radiobuttonAnchorreference" topLeft="14@15" action="setCenter" selectOn="center"/>
						<radiobutton style ="radiobuttonAnchorreference" topLeft="28@15" action="setRightCenter" selectOn="rightCenter"/>
						<radiobutton style ="radiobuttonAnchorreference" topLeft="0@29" action="setBottomLeft" selectOn="bottomLeft"/>
						<radiobutton style ="radiobuttonAnchorreference" topLeft="14@29" action="setBottomCenter" selectOn="bottomCenter"/>
						<radiobutton style ="radiobuttonAnchorreference" topLeft="28@29" action="setBottomRight" selectOn="bottomRight"/>
					</box>
			  
					<box id="frame" topLeft="131@17" >
						<image style="image_referenceframe" topLeft="0@0"/>
						<radiobutton style ="radiobuttonAnchorreference" topLeft="2@2" action="setTopLeft" selectOn="topLeft"/>
						<radiobutton style ="radiobuttonAnchorreference" topLeft="14@2" action="setTopCenter" selectOn="topCenter"/>
						<radiobutton style ="radiobuttonAnchorreference" topLeft="26@2" action="setTopRight" selectOn="topRight"/>						
						<radiobutton style ="radiobuttonAnchorreference" topLeft="2@14" action="setLeftCenter" selectOn="leftCenter"/>
						<radiobutton style ="radiobuttonAnchorreference" topLeft="14@14" action="setCenter" selectOn="center"/>
						<radiobutton style ="radiobuttonAnchorreference" topLeft="26@14" action="setRightCenter" selectOn="rightCenter"/>						
						<radiobutton style ="radiobuttonAnchorreference" topLeft="2@27" action="setBottomLeft" selectOn="bottomLeft"/>
						<radiobutton style ="radiobuttonAnchorreference" topLeft="14@27" action="setBottomCenter" selectOn="bottomCenter"/>
						<radiobutton style ="radiobuttonAnchorreference" topLeft="26@27" action="setBottomRight" selectOn="bottomRight"/>
					</box>
			  
					<box id="paragraph" topLeft="131@17" >
						<image style="image_referenceparagraph" topLeft="0@0"/>
						<radiobutton style ="radiobuttonAnchorreference" topLeft="3@3" action="setTopLeft" selectOn="topLeft"/>
						<radiobutton style ="radiobuttonAnchorreference" topLeft="14@3" action="setTopCenter" selectOn="topCenter"/>
						<radiobutton style ="radiobuttonAnchorreference" topLeft="25@3" action="setTopRight" selectOn="topRight"/>						
						<radiobutton style ="radiobuttonAnchorreference" topLeft="3@10" action="setLeftCenter" selectOn="leftCenter"/>
						<radiobutton style ="radiobuttonAnchorreference" topLeft="14@10" action="setCenter" selectOn="center"/>
						<radiobutton style ="radiobuttonAnchorreference" topLeft="25@10" action="setRightCenter" selectOn="rightCenter"/>						
						<radiobutton style ="radiobuttonAnchorreference" topLeft="3@17" action="setBottomLeft" selectOn="bottomLeft"/>
						<radiobutton style ="radiobuttonAnchorreference" topLeft="14@17" action="setBottomCenter" selectOn="bottomCenter"/>
						<radiobutton style ="radiobuttonAnchorreference" topLeft="25@17" action="setBottomRight" selectOn="bottomRight"/>
					</box>
			  
					<box id="character" topLeft="131@17" >
						<image style="image_referencecharacter" topLeft="0@0"/>
					</box>
					 
					<box id="inline" topLeft="131@17" >
						<image style="image_referenceinline" topLeft="0@0"/>
					</box>
			  
					<box id="line" topLeft="1315@17" >
						<image style="image_referenceline" topLeft="0@0"/>
					</box>
					
				</boxswitcher>
				
				<box style="emptyBox" width="170" topLeft="0@58"></box>
			</box>
			
			
			
		</drawermain>
	
		<drawertools>  
	  		<!-- inline submenu: -->
			<boxswitcher switcher="offsetAnchorType" extent="170@52">
				  
				<box id="inline" style="uebergangshg" extent="170@50">
				
					<label label="Object align" topLeft="2@-1"/>
					 
					<radiobutton style="checkbox" topLeft="10@21" action="setOffsetTop" selectOn="topOffset"/>
					<label label="top" topLeft="22@16"/>
					<radiobutton style="checkbox" topLeft="100@21" action="setOffsetBottom" selectOn="bottomOffset"/>
					<label label="bottom" topLeft="112@16"/>
					<radiobutton style="checkbox" topLeft="10@36" action="setOffsetCenter" selectOn="centerOffset"/>
					<label label="centerline " topLeft="22@31"/>
					<radiobutton style="checkbox" topLeft="100@36" action="setOffsetBase" selectOn="baseOffset"/>
					<label label="baseline" topLeft="112@31"/>
				</box>
	  
				<box id="box" style="uebergangshg">				
				
					<label label="Object align" topLeft="2@-1"/>					
					
					<label label="x" topLeft="4@21"/>					
					<unitinputfield style="inputfield" width="40" topLeft="20@21" player="offsetX" type="number" sophieUnit="lengthUnit"/>
					<image style="dropdownleftEnd" locked="true" topLeft="17@21"/>
					<image style="dropdownrightEnd" locked="true" topLeft="54@21"/>
										
					<label label="y" topLeft="70@21"/>					
					<unitinputfield style="inputfield" width="40" topLeft="86@21" player="offsetY" type="number" sophieUnit="lengthUnit"/>
					<image style="dropdownleftEnd" locked="true" topLeft="83@21"/>
					<image style="dropdownrightEnd" locked="true" topLeft="120@21"/>
		  
					<box topLeft="139@19" height="22">
						<radiobutton style ="radiobuttonObjectreference" topLeft="0@0" action="setOffsetTopLeft" selectOn="topLeftOffset"/>
						<radiobutton style ="radiobuttonObjectreference" topLeft="8@0" action="setOffsetTopCenter" selectOn="topCenterOffset"/>
						<radiobutton style ="radiobuttonObjectreference" topLeft="16@0" action="setOffsetTopRight" selectOn="topRightOffset"/>
																																		  
						<radiobutton style ="radiobuttonObjectreference" topLeft="0@8" action="setOffsetLeftCenter" selectOn="leftCenterOffset"/>
						<radiobutton style ="radiobuttonObjectreference" topLeft="8@8" action="setOffsetCenter" selectOn="centerOffset"/>
						<radiobutton style ="radiobuttonObjectreference" topLeft="16@8" action="setOffsetRightCenter" selectOn="rightCenterOffset"/>
																																		  
						<radiobutton style ="radiobuttonObjectreference" topLeft="0@16" action="setOffsetBottomLeft" selectOn="bottomLeftOffset"/>
						<radiobutton style ="radiobuttonObjectreference" topLeft="8@16" action="setOffsetBottomCenter" selectOn="bottomCenterOffset"/>
						<radiobutton style ="radiobuttonObjectreference" topLeft="16@16" action="setOffsetBottomRight" selectOn="bottomRightOffset"/>
					</box>									
				</box>
							
			</boxswitcher>			   
		</drawertools>	
		
	</tooldrawer>	
</tweakui>
