<?xml version="1.0"?>
	<tweakui>
		<tooldrawer drawerDirection="down">
			
			<drawermain>
				<box style="uebergangshg" extent="170@59">
					
					<image style="icon_font" topLeft="3@6"/>
					<dropdownlist width="109" topLeft="29@6" itemMaker="SophieListMenuFontItem" items="fonts" player="fontName" useScrollMenu="true"/>
					<image style="dropdownleftEnd" locked="true" topLeft="26@6"/>
					<colorchooser style="colorchooserFontfrontcolor" player="fontColor" topLeft="143@6"/>
					
					<image style="icon_fontsize" topLeft="3@32"/>
					<unitdropdownlist width="58" topLeft="29@32" items="availableSizes" player="fontSize" allowEditing="true" minValue="4" maxValue="10000" precision="1"/>
					<image style="dropdownleftEnd" locked="true" topLeft="26@32"/>
					
					<checkbox style="checkboxBold" topLeft="95@32" player="bold" />
					<checkbox style="checkboxItalic" topLeft="112@32" player="italic" />
					<checkbox style="checkboxUnderlined" topLeft="130@32" player="underline" disableOn="underlineDisable"/>
					<checkbox style ="checkboxCrossed" topLeft="150@32" player="struckout" disableOn="underlineDisable" />

					<box style="emptyBox" width="170" topLeft="0@58"></box>
					
					<!--<colorchooser style="colorchooserFontfrontcolor" player="fontColor" topLeft="144@5"/>-->
				</box>
			</drawermain>
		
			<drawertools>
				
				<box id="submenu" style="uebergangshg" extent="170@61">
					<image style="icon_kerning" topLeft="5@8"/>
          <checkbox style="checkbox" topLeft="30@12" player="kerning" />
					<colorchooser style="colorchooserFontbackcolor" player="backColor" topLeft="143@6"/>
                    
          <image style="icon_tracking" topLeft="5@36"/>		
					<unitinputfield style="inputfieldrounded" width="48" topLeft="33@34" type="number" player="tracking" unit="percents"/>
					<stretchbutton topLeft="90@34" width="75" label="Reset Style" action="resetStyleOverrides" /> 
				</box>
			</drawertools>
			
		</tooldrawer>
	</tweakui>
