<?xml version="1.0"?>
<tweakui>
	<!--<tooldrawer drawerDirection="down">
		<drawermain>-->
			<box style="uebergangshg" extent="79@89">
						
				<label label="horizontal" topLeft="3@-1"/>				
				
				<button style ="alignAtTop" topLeft="6@20" action="alignAtTop"/>
				<button style ="alignAtCenterHorizontal" topLeft="31@20" action="alignAtCenterHorizontal"/>			
				<button style ="alignAtBottom" topLeft="55@20" action="alignAtBottom"/>
				
				<box style="emptyBox" width="79" topLeft="0@44"></box>
       
					
				<label label="vertical" topLeft="3@44"/>
				
         		<button style ="alignAtLeft" topLeft="6@65" action="alignAtLeft"/>
				<button style ="alignAtCenterVertical" topLeft="31@65" action="alignAtCenterVertical"/>			
				<button style ="alignAtRight" topLeft="55@65" action="alignAtRight"/>		
			</box>
		
		<!--</drawermain>
		  
		<drawertools>
		</drawertools>
	</tooldrawer>-->
</tweakui>
