<?xml version="1.0"?>
<tweakui>
  <tooldrawer drawerDirection="down">
    <drawermain>
      <box style="uebergangshg" extent="170@118">
        <label label="opacity:" topLeft="85@1"/>
        <label topLeft="125@1" player="overallOpacityString" application="frameStyleEditor"/>
        <slider width="150" topLeft="10@17" player="overallAlpha" min="0.0" max="1.0" application="frameStyleEditor"/>
        <label label="x" topLeft="5@33"/>
        <unitinputfield style="inputfieldrounded" type="number" width="50" topLeft="21@33" player="positionX" type="number" sophieUnit="lengthUnit"/>
        <label label="y" topLeft="5@59"/>
        <unitinputfield style="inputfieldrounded" type="number" width="50" topLeft="21@59"  player="positionY" type="number" sophieUnit="lengthUnit"/>
        <label label="w" topLeft="80@32"/>
        <unitinputfield style="inputfieldrounded" type="number" width="50" topLeft="98@33" player="width" type="number" sophieUnit="lengthUnit"  minValue="1"/>
        <label label="h" topLeft="81@59"/>
        <unitinputfield style="inputfieldrounded" type="number" width="50" topLeft="98@59"  player="height" type="number" sophieUnit="lengthUnit"  minValue="1"/>
        <checkbox style ="checkboxLocked" topLeft="151@42" player="proportionalSizing"/>
        <radiogroup>
          <radiobutton style ="radiobuttonPivotalign" topLeft="7@87" selectOn="pivotTopLeft" action="setPivotTopLeft"/>
          <radiobutton style ="radiobuttonPivotalign" topLeft="15@87" selectOn="pivotTop" action="setPivotTop"/>
          <radiobutton style ="radiobuttonPivotalign" topLeft="23@87" selectOn="pivotTopRight" action="setPivotTopRight"/>
          <radiobutton style ="radiobuttonPivotalign" topLeft="7@95" selectOn="pivotLeft" action="setPivotLeft"/>
          <radiobutton style ="radiobuttonPivotalign" topLeft="15@95" selectOn="pivotCenter" action="setPivotCenter"/>
          <radiobutton style ="radiobuttonPivotalign" topLeft="23@95" selectOn="pivotRight" action="setPivotRight"/>
          <radiobutton style ="radiobuttonPivotalign" topLeft="7@103" selectOn="pivotBottomLeft" action="setPivotBottomLeft"/>
          <radiobutton style ="radiobuttonPivotalign" topLeft="15@103" selectOn="pivotBottom" action="setPivotBottom"/>
          <radiobutton style ="radiobuttonPivotalign" topLeft="23@103" selectOn="pivotBottomRight" action="setPivotBottomRight"/>
          </radiogroup>
          <radiogroup application="frameStyleEditor">
            <radiobutton style ="buttonWrapoff" topLeft="40@89" selectOn="simpleWrap" action="setSimpleWrap"/>
            <radiobutton style ="buttonWrapon" topLeft="65@89" selectOn="wrap" action="setWrap"/>
            <radiobutton style ="buttonWraponthrough" topLeft="90@89" selectOn="noWrap" action="resetWrap"/>
            </radiogroup>
            <button style ="buttonGotoback" topLeft="120@90" action="frameToBack" />
            <button style ="buttonCometofront" topLeft="145@90" action="frameToFront" />
            <box style="emptyBox" width="170" topLeft="0@116"/>
      </box>
      </drawermain>
      <drawertools>
        <vbox>
        <application application="frameStyleEditor">
          <application application="areaStyleEditor">

              <box id="submenumargin" style="uebergangshg" extent="170@68">
                <label label="margin" topLeft="2@-1"/>    
                <checkbox topLeft="80@4" style="lockchain" player="marginLocked"/>
                <image style="icon_marginleft" topLeft="5@21"/>
                <unitinputfield style="inputfieldrounded" width="48" topLeft="29@19" type="number" player="marginLeft" sophieUnit="lengthUnit"/>
                <image style="icon_margintop" topLeft="90@21"/>
                <unitinputfield style="inputfieldrounded" width="48" topLeft="114@19" type="number" player="marginTop" sophieUnit="lengthUnit"/>
                <image style="icon_marginright" topLeft="5@47"/>
                <unitinputfield style="inputfieldrounded" width="48" topLeft="29@45" type="number" player="marginRight" sophieUnit="lengthUnit"/>
                <image style="icon_marginbottom" topLeft="90@47"/>
                <unitinputfield style="inputfieldrounded" width="48" topLeft="114@45" type="number" player="marginBottom" sophieUnit="lengthUnit"/>
              </box>
              <box visibleOn="paddingAvailable" id="submenupadding" style="uebergangshg" extent="170@68">
                <label label="padding" topLeft="2@-1"/>
                <checkbox topLeft="80@4" style="lockchain" player="paddingLocked"/>                
                <image style="icon_paddingleft" topLeft="5@21"/>
                <unitinputfield style="inputfieldrounded" width="48" topLeft="29@19" type="number" player="paddingLeft" sophieUnit="lengthUnit"/>
                <image style="icon_paddingtop" topLeft="90@21"/>
                <unitinputfield style="inputfieldrounded" width="48" topLeft="114@19" type="number" player="paddingTop" sophieUnit="lengthUnit"/>
                <image style="icon_paddingright" topLeft="9@47"/>
                <unitinputfield style="inputfieldrounded" width="48" topLeft="29@45" type="number" player="paddingRight" sophieUnit="lengthUnit"/>
                <image style="icon_paddingbottom" topLeft="90@47"/>
                <unitinputfield style="inputfieldrounded" width="48" topLeft="114@45" type="number" player="paddingBottom" sophieUnit="lengthUnit"/>
              </box>
              <box style="uebergangshg" extent="170@3"/>
             </application>
            </application>
            </vbox>

            </drawertools>
            </tooldrawer>
</tweakui>
