<?xml version="1.0"?>
	<tweakui>
		<box style="uebergangshg" extent="196@87">
		
			<image style="image_placeholder" topLeft="15@26"/>
			
			<dropdownlist width="183" topLeft="8@6" player="trigger" items="knownTriggers"/>
			<image style="dropdownleftEnd" locked="true" topLeft="5@6"/>
			
			<dropdownlist width="163" topLeft="28@32" player="action" items="knownActions"/>
			<image style="dropdownleftEnd" locked="true" topLeft="25@32"/>
			

			<droptarget width="140" height="25" topLeft="48@58" player="actionArgument" validTypes="argumentTypes" grabberEnable="true"/>
			<image style="dropdownleftEnd" topLeft="45@58"/>	
			<image style="dropdownrightEnd" topLeft="154@58"/>
		  <box style="disableBox" visibleOn="noArguments" extent="144@22" topLeft="44@57"/>
      			
			<button style ="buttonAdd" topLeft="5@70" action="addAction"/>
			<button style ="buttonMinus" topLeft="19@70" action="removeAction"/>	
		</box>
		
	</tweakui>
