<?xml version="1.0"?>
	<tweakui>
		<box style="uebergangshg" extent="170@61">	

			<label label="normal" topLeft="5@7"/>			
			<imagechooser extent="33@22" topLeft="51@6" player="normalImage"/>
			
			<label label="over" topLeft="89@7"/>
			<imagechooser extent="33@22" topLeft="129@6" player="overImage"/>
			
			<label label="pressed" topLeft="5@34"/>
			<imagechooser extent="33@22" topLeft="51@33" player="pressedImage"/>
			
			<label label="visited" topLeft="89@34"/>
			<imagechooser extent="33@22" topLeft="129@33" player="visitedImage"/>
			
		</box>
	</tweakui>
