<?xml version="1.0"?>
	<tweakui>
		<box style="uebergangshg" extent="222@146">
		
			<checkbox style="checkbox" topLeft="8@6" player="playWhenShown"/>
			<label label="play when shown" topLeft="20@1"/>

			<checkbox style="checkbox" topLeft="8@21" player="showController"/>		
			<label label="show controller" topLeft="20@16"/>
		
			<dropdownlist width="163" topLeft="12@36" player="controllerName" items="controllerNames"/>
		
			<box topLeft="8@60" extent="222@34" >
				<label label="In:" topLeft="0@7"/>
				<inputfield style="inputfieldrounded" width="60" player="inPointField" topLeft="30@7"/>
				<stretchbutton  topLeft="100@7" action="grabInPoint" label="Grab"/>	
				<stretchbutton  topLeft="158@7" action="resetInPoint" label="Reset"/>	
			</box>

				
			<box topLeft="8@84" extent="222@34">
				<label label="Out:" topLeft="0@7"/>
				<inputfield style="inputfieldrounded" width="60" player="outPointField" topLeft="30@7"/>
				<stretchbutton topLeft="100@7" action="grabOutPoint" label="Grab"/>	
				<stretchbutton  topLeft="158@7" action="resetOutPoint" label="Reset"/>	
			</box>
						
			<hbox topLeft="8@122" extent="212@18" field="inOutControllerBox"/>
			   
		</box>
	</tweakui>
