<?xml version="1.0"?>
	<tweakui>
		<!-- hintergrund-->
		<boxswitcher style="uebergangshg" switcher="selectedFrameType" boxLayout="vertical" vResizing="shrinkWrap" hResizing="spaceFill">
		
			<!-- if a frame's selected-->
			<vbox style="emptybox" id="frame" layoutInset="4@0" cellInset="3">
				<label label="frame"/>
				<stretchbutton width="232" label="move to template" action="moveFrameToLocalTemplate"/>
        		<stretchbutton width="232" label="move from template" action="moveFrameFromLocalTemplate"/>						
 				<stretchbutton width="232" label="save page as template" action="savePageAsTemplate"/>							
			</vbox>
		
			<!-- if a page's selected-->  
			<vbox style="emptybox" id="page" layoutInset="4@0" cellInset="3">
				<label label="page"/>
				<stretchbutton width="232" label="save page as template" action="savePageAsTemplate"/>			
			</vbox>
						
			<vbox style="emptybox" id="template" layoutInset="4@0" cellInset="3">
				<label label="template"/>
				<stretchbutton width="262" label="save changes to template" action="saveChangesToTemplate"/>
				<stretchbutton width="262" label="reset to template defaults" action="resetPageTemplate"/>
				<stretchbutton width="262" label="save page as template" action="savePageAsTemplate"/>    		        		
			</vbox>
			 
			<vbox style="emptybox" id="templateFrame" layoutInset="4@0" cellInset="3">
				<label label="frame"/>
				<stretchbutton width="227" label="reset content override" action="resetTemplateFrameContent"/>			
			</vbox>
									     
		</boxswitcher>
	</tweakui>
