<?xml version="1.0"?>
<tweakui>
   	<hbox id="statusBar" style="titlebar" align="leftCenter" cellInset="10" cellPositioning="center" hResizing="spaceFill" >
 	    <box extent="20@4"/>
		    <dropdownlist width="50" type="number" player="zoomFactor" items="zoomList"/>
			  <box extent="225@22">
  				<label style="buttonLabel" label="search page" topLeft="9@2"/> 
	   			<inputfield topLeft="85@2" width="120" style="inputfieldrounded"  acceptAction="findNextPagewise" id="findOnPage" player="findOnPage" /> 
		  		<pushbutton topLeft="210@5" style="findPrevious"  action="findPreviousPagewise" />
			   	<pushbutton topLeft="210@13" style="findNext" action="findNextPagewise" />
        </box>
	   		<box height="4" hResizing="spaceFill"/>
	      <hbox style="box" layoutInsetX="15" align="leftCenter">
			   	<pushbutton topLeft="5@2" style="pageUp" player="pageUp" action="pageUp" />
    			<pageinput topLeft="19@1" hResizing="shrinkWrap" allowEditing="true" style="pageBox" id="pageNr" player="pageNr" pageCount="pageCount" acceptAction="gotoPage"/> 
				  <pushbutton  topLeft="56@2" style="pageDown" player="pageDown"  action="pageDown" />
				</hbox>
		</hbox>
</tweakui>
