<?xml version="1.0"?>
<tweakui>
	<!--<vbox style="uebergangshg" layoutInsetX="5">		
		<label label="Search:"/>
		<inputfield width="90" hResizing="spaceFill" player="searchPhrase" acceptAction="findNext"/>		
		<label label="Replace with:"/>		
		<inputfield width="90" hResizing="spaceFill" player="replacePhrase"/>						
			
		<hbox layoutInsetY="5">
			<stretchbutton width="50" label="Replace" action="replace"/>
			<stretchbutton width="25" label="All" action="replaceAll" balloonHelp="Replace all search results"/>
		</hbox>		
	</vbox>-->
	
	<box style="uebergangshg">		
		<label style="labeldialogheader" label="Search:" topLeft="1@-2"/>
		<inputfield width="129" hResizing="spaceFill" player="searchPhrase" acceptAction="findNext" topLeft="8@17" grabKeyboardFocus="activateSearching"/>
		<image style="inputfieldLeftEnd" locked="true" topLeft="5@17"/>
		<image style="inputfieldRightEnd" locked="true" topLeft="129@17"/>
		<stretchbutton width="60" label="Previous" action="" balloonHelp="find previous occurence of search phrase" topLeft="5@43"/>
		<stretchbutton width="60" label="Next" action="" balloonHelp="find next occurence of search phrase" topLeft="68@43"/>

		
		<label style="labeldialogheader" label="Replace with:" topLeft="1@63"/>		
		<inputfield width="129" player="replacePhrase" topLeft="8@82"/>		
		<image style="inputfieldLeftEnd" locked="true" topLeft="5@82"/>
		<image style="inputfieldRightEnd" locked="true" topLeft="129@82"/>				
			
		<stretchbutton width="81" label="Replace" action="replace" topLeft="5@108"/>
		<stretchbutton width="50" label="All" action="replaceAll" balloonHelp="Replace all search results" topLeft="89@108"/>
	</box>	
</tweakui>
