<?xml version="1.0"?>
	<tweakui>
		<!-- hintergrund-->
		<box style="uebergangshg" extent="140@292">
			<!-- alles-->
				
			<!--<slider width="130" topLeft="5@13" player="fillAlpha"/>-->			
			<label label="opacity:" topLeft="60@1"/>
			<label topLeft="100@1" player="fillOpacityString"/>
  			<slider width="130" topLeft="5@16" player="fillAlpha" min="0.0" max="1.0"/>

			<radiogroup>			
			<radiobutton style="checkboxRadialfill" topLeft="5@35" selectOn="radialGradient" action="setRadialGradient"/>
			<radiobutton style="checkboxLinearfill" topLeft="27@35" selectOn="linearGradient" action="setLinearGradient"/>
			</radiogroup>			
			
			<!-- rotation inputfield um 10pt erweitert, da Platz vorhanden-->
			<image style="icon_rotation" topLeft="60@34"/>
			<inputfield type="number" width="50" topLeft="85@34" player="directionAngle"/>
						
			<colorramp style="colorramp" topLeft="5@59" extent="130@30" player="gradientColors" selectedColor="singleGradientColor"/>
			
			<colorpalette extent="126@78" colorWidgetExtent="13@12" player="rgbColor" topLeft="8@89"/>	
			
			<colorchooser topLeft="8@171" player="color" allowEditing="false" player="singleGradientColor"/>
			<label label="opacity:" topLeft="60@167"/>
			<label topLeft="97@167" player="singleGradientOpacityString"/>
			<slider  min="0.0" max="1.0" topLeft="32@182" player="singleGradientAlpha"/>
			


			<radiogroup>
			<radiobutton style="checkbox" topLeft="8@200" selectOn="absolute" action="setAbsolute" player="relativeMode"/>
			<label label="absolute" topLeft="19@200"/>			
			
			<radiobutton style="checkbox" topLeft="75@200"  selectOn="relative" action="setRelative"/>
			<label label="relative" topLeft="86@200"/>
			</radiogroup>
			
			<boxswitcher style="emptybox" switcher="sizeMode" topLeft="0@220" extent="170@55">					
			  <box style="emptybox" id="absolute" topLeft="0@0">
			     <checkbox style="checkboxLocked" topLeft="4@25"/>	

			    <image style="icon_offsetx" topLeft="6@0"/>
			    <unitinputfield width="40" topLeft="35@0" player="offsetX" sophieUnit="lengthUnit"/>
			    <image style="icon_offsety" topLeft="78@0"/>
			    <unitinputfield width="40" topLeft="95@0" player="offsetY" sophieUnit="lengthUnit"/>

			    <label label="w" topLeft="20@26"/>
			    <unitinputfield width="40" topLeft="35@25" player="directionLength" sophieUnit="lengthUnit"/>							
			    <label label="h" topLeft="80@26"/>
			    <unitinputfield width="40" topLeft="95@25" player="normalLength" sophieUnit="lengthUnit"/>					
			  </box>
			  
			  <box style="emptybox" id="relative" topLeft="0@220">
			    <image style="icon_offsetx" topLeft="6@0"/>
			    <inputfield  type="number" width="40" topLeft="35@0" player="offsetX" />
			    <image style="icon_offsety" topLeft="78@0"/>
			    <inputfield  type="number" width="40" topLeft="95@0" player="offsetY" />


			    <checkbox style="checkboxLocked" topLeft="4@25"/>
			    <label label="x" topLeft="20@26"/>
			    <inputfield type="number" width="40" topLeft="35@25" player="directionLength"/>			
			    <label label="y" topLeft="80@26"/>
			    <inputfield type="number" width="40" topLeft="95@25" player="normalLength"/>					
			  </box>			     
			</boxswitcher>
			

		</box>
</tweakui>
