<?xml version="1.0"?>
<tweakui>
	<!-- hintergrund-->
		<boxswitcher style="uebergangshg" switcher="selectedFrameType" height="86" hResizing="spaceFill">					
		  <vbox style="emptybox" id="frame" cellInset="2">
			<label label="frame" topLeft="0@0"/>
	<!--		<stretchbutton width="130" label="add to template" action="addFrameToTemplate"/>  -->
				<stretchbutton width="130" label="move to template" action="moveFrameToLocalTemplate" visibleOn="localFrame"/>
				<stretchbutton width="130" label="move from template" action="moveFrameFromLocalTemplate" visibleOn="overideFrame"/>						
	<!--		<stretchbutton width="130" label="save as template" action="saveFrameAsTemplate"/>-->
				<stretchbutton width="130" label="save page as template" action="savePageAsTemplate"/>							
		  </vbox>
		  
		  <vbox style="emptybox" id="templateFrame" cellInset="2">
			<label label="frame" topLeft="0@0"/>
			<stretchbutton width="130" label="reset content override" action="resetTemplateFrameContent"/>
		
		  </vbox>
		  
		  <vbox style="emptybox" id="page" cellInset="2">
			<label label="page" topLeft="0@0"/>
			<stretchbutton width="130" label="save page as template"  action="savePageAsTemplate"/>
		  </vbox>
		  <vbox style="emptybox" id="template" cellInset="2">
			<label label="template" topLeft="0@0"/>
			<stretchbutton width="130" label="save changes to template" action="saveChangesToTemplate"/>
			<stretchbutton width="130" label="reset to template defaults" action="resetPageTemplate"/>
			<stretchbutton width="130" label="save as template" action="saveAsTemplate"/>			
						
		  </vbox>			     
		</boxswitcher>
</tweakui>
