<?xml version="1.0"?>
	<tweakui>
		<!--<tooldrawer drawerDirection="down">
			
			<drawermain>	-->
				<box style="uebergangshg" extent="225@89"><!-- 170 hg_main.png-->
					
					<!-- part two: fontstyle
					<image style="icon_font" topLeft="0@5"/>-->
					<dropdownlist width="210" topLeft="10@7" itemMaker="SophieListMenuFontItem" items="fonts" player="fontName" useScrollMenu="true"/>
					<image style="dropdownleftEnd" locked="true" topLeft="0@7"/>
					
					<!--<image style="icon_fontsize" topLeft="0@48"/>-->
					<unitdropdownlist width="79" topLeft="10@48" items="availableSizes" player="fontSize" allowEditing="true" minValue="4" maxValue="10000" precision="1"/>
					<image style="dropdownleftEnd" topLeft="0@48"/>
					
					<checkbox style="checkboxBold" topLeft="94@48" player="bold" />
					<checkbox style="checkboxItalic" topLeft="123@48" player="italic" />
					<checkbox style="checkboxUnderlined" topLeft="148@48" player="underline" disableOn="underlineDisable" />
					<colorchooser style="colorchooserFontfrontcolor" topLeft="182@48" player="fontColor"/>
					<image style="colorchooserFontbackcolor" topLeft="182@48" locked="true"/>
					<!--<checkbox style ="checkboxCrossed" topLeft="146@48" player="struckout" disableOn="underlineDisable"/>-->
					
				</box>
			<!--</drawermain>-->
		
			<!--<drawertools>
				<box id="submenu" style="uebergangshg" extent="170@30">
					<stretchbutton topLeft="38@5" width="64" label="reset style" action="resetStyleOverrides" /> 
					<colorchooser style="colorchooserFontbackcolor" player="backColor" topLeft="144@5"/>
				</box>
			</drawertools>
			
		</tooldrawer>-->
	</tweakui>
