<?xml version="1.0"?>
<tweakui>
	<!--<tooldrawer drawerDirection="down">
		<drawermain>-->
			<box style="uebergangshg" extent="259@138">
			
				<!--<label label="alpha:" topLeft="85@1"/>
				<label topLeft="130@1" player="overallAlpha" application="frameStyleEditor"/>
				<slider width="150" topLeft="10@16" player="overallAlpha" min="0.0" max="1.0" application="frameStyleEditor"/>-->
			
				<image style="icon_x" topLeft="2@14"/>
				<!--<label label="x" topLeft="5@35"/>-->
				<unitinputfield style="unitinputfield" type="number" width="77" topLeft="29@7" player="positionX" type="number" sophieUnit="lengthUnit"/>
				<image style="dropdownleftEnd" topLeft="19@7"/>
				<image style="dropdownrightEnd" topLeft="94@7"/>
				
				<image style="icon_y" topLeft="2@56"/>
				<!--<label label="y" topLeft="5@60"/>-->		
				<unitinputfield style="unitinputfield" type="number" width="77" topLeft="29@48"  player="positionY" type="number" sophieUnit="lengthUnit"/>
				<image style="dropdownleftEnd" topLeft="19@48"/>
				<image style="dropdownrightEnd" topLeft="94@48"/>
				
				<image style="icon_w" topLeft="119@14"/>
				<!--<label label="w" topLeft="85@35"/>-->
				<unitinputfield style="unitinputfield" type="number" width="77" topLeft="148@7" player="width" type="number" sophieUnit="lengthUnit"  minValue="1"/>
				<image style="dropdownleftEnd" topLeft="138@7"/>
				<image style="dropdownrightEnd" topLeft="213@7"/>

				<image style="icon_h" topLeft="120@56"/>
				<!--<label label="h" topLeft="85@60"/>-->	
				<unitinputfield style="unitinputfield" type="number" width="77" topLeft="148@48"  player="height" type="number" sophieUnit="lengthUnit"  minValue="1"/>
				<image style="dropdownleftEnd" topLeft="138@48"/>
				<image style="dropdownrightEnd" topLeft="213@48"/>
				
				<checkbox style ="checkboxLocked" topLeft="229@23" player="proportionalSizing"/>
				
				<box style="emptyBox" width="259" topLeft="0@89" ></box>

			<radiogroup>				
  				<radiobutton style ="radiobuttonPivotalign" topLeft="7@94" selectOn="pivotTopLeft" action="setPivotTopLeft"/>
	   			<radiobutton style ="radiobuttonPivotalign" topLeft="19@94" selectOn="pivotTop" action="setPivotTop"/>
		  		<radiobutton style ="radiobuttonPivotalign" topLeft="31@94" selectOn="pivotTopRight" action="setPivotTopRight"/>
			   	<radiobutton style ="radiobuttonPivotalign" topLeft="7@107" selectOn="pivotLeft" action="setPivotLeft"/>
				<radiobutton style ="radiobuttonPivotalign" topLeft="19@107" selectOn="pivotCenter" action="setPivotCenter"/>
			   	<radiobutton style ="radiobuttonPivotalign" topLeft="31@107" selectOn="pivotRight" action="setPivotRight"/>
		  		<radiobutton style ="radiobuttonPivotalign" topLeft="7@120" selectOn="pivotBottomLeft" action="setPivotBottomLeft"/>
	   			<radiobutton style ="radiobuttonPivotalign" topLeft="19@120" selectOn="pivotBottom" action="setPivotBottom"/>
  				<radiobutton style ="radiobuttonPivotalign" topLeft="31@120" selectOn="pivotBottomRight" action="setPivotBottomRight"/>
			</radiogroup>
			<radiogroup application="frameStyleEditor">
  				<radiobutton style ="buttonWrapoff" topLeft="52@97" selectOn="simpleWrap" action="setSimpleWrap" />
  		  		<radiobutton style ="buttonWrapon" topLeft="92@97" selectOn="wrap" action="setWrap"/>
  				<radiobutton style ="buttonWraponthrough" topLeft="132@97" selectOn="noWrap" action="resetWrap"/>
			</radiogroup>				
				
				<button style ="buttonGotoback" topLeft="175@97" action="frameToBack" />
			  	<button style ="buttonCometofront" topLeft="217@97" action="frameToFront" />

			</box>
		
		<!--</drawermain>
			<box id="submenufill" style="uebergangshg" extent="170@140">
				<application application="frameStyleEditor">
					<application application="areaStyleEditor">
						<image style="icon_dottedline" topLeft="0@0"/>
						
		
						<label label="margin" topLeft="5@2"/>
						
						<image style="icon_marginleft" topLeft="9@23" />
						<unitinputfield width="50" topLeft="30@21" type="number" player="marginLeft" sophieUnit="lengthUnit"/>
						<image style="icon_margintop" topLeft="95@23"/>
						<unitinputfield width="50" topLeft="115@21" type="number" player="marginTop" sophieUnit="lengthUnit"/>
						<image style="icon_marginright" topLeft="9@48"/>
						<unitinputfield width="50" topLeft="30@46" type="number" player="marginRight" sophieUnit="lengthUnit"/>
						<image style="icon_marginbottom" topLeft="95@48"/>
						<unitinputfield width="50" topLeft="115@46" type="number" player="marginBottom" sophieUnit="lengthUnit"/>
				  
		  				<label label="padding" topLeft="5@71"/>
						
						<image style="icon_paddingleft" topLeft="9@92"/>
						<unitinputfield width="50" topLeft="30@90" type="number" player="paddingLeft" sophieUnit="lengthUnit"/>
						<image style="icon_paddingtop" topLeft="95@92"/>
						<unitinputfield width="50" topLeft="115@90" type="number" player="paddingTop" sophieUnit="lengthUnit"/>
						<image style="icon_paddingright" topLeft="9@117"/>
						<unitinputfield width="50" topLeft="30@115" type="number" player="paddingRight" sophieUnit="lengthUnit"/>
						<image style="icon_paddingbottom" topLeft="95@117"/>
						<unitinputfield width="50" topLeft="115@115" type="number" player="paddingBottom" sophieUnit="lengthUnit"/>
					</application>
				</application>
			</box>
		</drawertools>
	</tooldrawer>-->
</tweakui>
