<?xml version="1.0"?>
	<tweakui>
		<box style="uebergangshg" extent="225@88">
		
			<label label="normal" topLeft="2@7"/>
			<imagechooser extent="30@30" topLeft="84@7" player="normalImage"/>
			
			<!--<image style="icon_Over" topLeft="95@13"/>-->
			<label label="over" topLeft="120@7"/>
			<imagechooser extent="30@30" topLeft="190@7" player="overImage"/>
			
			<!--<image style="icon_Pressed" topLeft="10@35"/>-->
			<label label="pressed" topLeft="2@51"/>
			<imagechooser extent="30@30" topLeft="84@51" player="pressedImage"/>
			
			<!--<image style="icon_Visited" topLeft="95@35"/>-->
			<label label="visited" topLeft="120@51"/>
			<imagechooser extent="30@30" topLeft="190@51" player="visitedImage"/>
			
		</box>
	</tweakui>
