<?xml version="1.0"?>
	<tweakui>
		<!-- 170 hg_main.png-->
		<box style="uebergangshg" extent="225@142">
		
			<!--<image style="image_placeholder" topLeft="15@26"/>-->
			<dropdownlist width="210" topLeft="10@7" player="trigger" items="knownTriggers"/><image style="dropdownleftEnd" topLeft="0@7"/>

			<!--<button style="buttonminorAdd" topLeft="10@35"/>
			<button style="buttonminorMinus" topLeft="10@46"/>-->
			
			<dropdownlist width="190" topLeft="30@51" player="action" items="knownActions"/><image style="dropdownleftEnd" topLeft="20@51"/>
						
			<!--<button style="buttonminorAdd" topLeft="25@60"/>
			<button style="buttonminorMinus" topLeft="25@71"/>-->
			
			<droptarget width="170" topLeft="50@95" player="actionArgument" validTypes="argumentTypes" grabberEnable="true"/><image style="dropdownleftEnd" topLeft="40@95"/>		
			<image style="dropdownrightEnd" topLeft="166@95"/>
			<image style="icon_dottedline" topLeft="11@37"/>

			<button style ="buttonAdd" topLeft="3@120" action="addAction"/>
			<button style ="buttonMinus" topLeft="23@120" action="removeAction"/>
			
			<!--<checkbox style ="checkbox" topLeft="10@110"/>
			<checkbox style ="checkbox" topLeft="10@125"/>
			
			<label label="open page" topLeft="20@110"/>
			
			<label label="close page" topLeft="20@110"/>
			
			<label label="go to book" topLeft="20@110"/>
			
			<label label="go to page" topLeft="20@110"/>
			
			<label label="go to frame" topLeft="20@110"/>
			
			<label label="go to marker" topLeft="20@110"/>
			
			<label label="go to url" topLeft="20@110"/>
			
			<label label="open book" topLeft="20@110"/>
			<label label="open page" topLeft="20@110"/>
			<label label="open frame" topLeft="20@110"/>
			<label label="open marker" topLeft="20@110"/>
			<label label="open url" topLeft="20@110"/>
			<label label="open find dialog" topLeft="20@110"/>
			<label label="open notebook" topLeft="20@110"/>
			
			<label label="close book" topLeft="20@110"/>
			<label label="close page" topLeft="20@110"/>
			<label label="close frame" topLeft="20@110"/>
			<label label="close marker" topLeft="20@110"/>
			<label label="close url" topLeft="20@110"/>
			<label label="close find dialog" topLeft="20@110"/>
			<label label="close notebook" topLeft="20@110"/>
			
			<label label="embed book" topLeft="20@110"/>
			<label label="embed page" topLeft="20@110"/>
			<label label="embed frame" topLeft="20@110"/>
			<label label="embed marker" topLeft="20@110"/>
			<label label="embed url" topLeft="20@110"/>
			<label label="hide marker" topLeft="20@110"/>
			<label label="hide hiliter" topLeft="20@110"/>
			<label label="hide frame" topLeft="20@110"/>
			<label label="show marker" topLeft="20@110"/>
			<label label="show hiliter" topLeft="20@110"/>
			<label label="show frame" topLeft="20@110"/>
			
			<label label="start audio" topLeft="20@110"/>
			<label label="start video" topLeft="20@110"/>
			<label label="start timeline" topLeft="20@110"/>
			
			<!--<label label="start at audio" topLeft="20@110"/>
			<label label="start at video" topLeft="20@110"/>
			<label label="start at timeline" topLeft="20@110"/>
			<label label="start all" topLeft="20@110"/>
			<label label="play all" topLeft="20@110"/>
			<label label="stop all" topLeft="20@110"/>
			
			
			<label label="play audio" topLeft="20@110"/>
			<label label="play video" topLeft="20@110"/>
			<label label="play timeline" topLeft="20@110"/>
			<label label="stop audio" topLeft="20@110"/>
			<label label="stop video" topLeft="20@110"/>
			<label label="stop timeline" topLeft="20@110"/>-->			
		</box>
		
	</tweakui>
