<?xml version="1.0"?>
	<tweakui>
		<tooldrawer drawerDirection="down">
		
			<drawermain>
				<box style="uebergangshg" extent="225@97"><!-- 170 hg_main.png-->
					<!-- paragraphStyle-->
					<dropdownlist width="166" topLeft="10@7" player="selectedStyleName" items="libraryStyleNames"/><image style="dropdownleftEnd" topLeft="0@7"/>
					<button style ="buttonSave" topLeft="186@7" action="storeStyle"/>
					<!-- paragraphstyle_main-->
					<!--<image style="icon_linespacing" topLeft="5@35"/>
	 				<dropdownlist width="50" topLeft="30@35" player="lineSpacing" items="defaultLineSpacings" allowEditing="true"/> 
					<inputfield width="50" topLeft="30@35" type="number" player="lineSpacingValue" />
					<dropdownlist width="80" topLeft="85@35" player="lineSpacingType" items="defaultLineSpacingTypes" allowEditing="false"/>				
     		 		<image style="icon_firstindent" topLeft="5@60"/>
					<unitinputfield width="50" topLeft="30@60" player="indentFirst" sophieUnit="lengthUnit"/>-->
		
					<radiobutton style ="checkboxLeftalign" topLeft="46@56" selectOn="left" action="setLeft"/>
					<radiobutton style ="checkboxCentered" topLeft="89@56" selectOn="center" action="setCenter"/>
					<radiobutton style ="checkboxRightalign" topLeft="132@56" selectOn="right" action="setRight"/>
					<radiobutton style ="checkboxJustify" topLeft="185@56" selectOn="justified" action="setJustified"/>
				</box>				
			</drawermain>
			
			<drawertools>		
				
				<!--<box id="submenu" style="uebergangshg" extent="170@80">

					<image style="icon_indentleft" topLeft="5@5"/>
					<unitinputfield player="indentLeft" sophieUnit="lengthUnit"  width="50" topLeft="30@5"/>
		
					<image style="icon_indentright" topLeft="89@5"/>
					<unitinputfield player="indentRight" sophieUnit="lengthUnit"  width="50" topLeft="115@5"/>
		
					<image style="icon_spaceabove" topLeft="5@30"/>
					<unitinputfield player="spaceAbove" sophieUnit="lengthUnit"  width="50" topLeft="30@30"/>
		
					<image style="icon_spacebelow" topLeft="90@30"/>
					<unitinputfield player="spaceBelow" sophieUnit="lengthUnit"  width="50" topLeft="115@30"/>
					
					<image style="icon_defaultnextstyle" topLeft="3@54"/>
					<dropdownlist width="110" topLeft="55@55" player="selectedNextStyle" items="defaultNextStylesLibrary"/>					
					
				</box>-->
				
				
				
       			<box id="subcharacterstyle" style="uebergangshg" extent="225@89" application="characterStyleEditor">
					<box style="emptyBox" width="225" topLeft="0@0" ></box>
					<dropdownlist width="210" topLeft="10@7" itemMaker="SophieListMenuFontItem" items="fonts" player="fontName" useScrollMenu="true"/><image style="dropdownleftEnd" topLeft="0@7"/>
					
					<unitdropdownlist width="79" topLeft="10@48" items="availableSizes" player="fontSize" allowEditing="true" minValue="4" maxValue="10000" precision="1"/><image style="dropdownleftEnd" topLeft="0@48"/>
		
					<checkbox style="checkboxBold" topLeft="94@48" player="bold" />
					<checkbox style="checkboxItalic" topLeft="123@48" player="italic" />
					<checkbox style="checkboxUnderlined" topLeft="148@48" player="underline" disableOn="underlineDisable" />
					<colorchooser style="colorchooserFontfrontcolor" player="fontColor" topLeft="182@48"/>
					<image style="colorchooserFontbackcolor" topLeft="182@48" locked="true"/>
				
				</box>
				
			</drawertools>
			
		</tooldrawer>		
	</tweakui>
