<?xml version="1.0"?>
<tweakui>
	<vbox style="uebergangshg" layoutInset="5@5" cellInset="6">	
		<label label="Description:"/>
		<texteditor hResizing="spaceFill" vResizing="rigid" hScrollable="false" width="134" height="80" player="description"/>
		<vbox wrapCentering="center" height="200">
			<vbox style="previewWell" field="previewWell" listCentering="center" wrapCentering="center">
				<vbox style="previewBox" field="previewBox" width="240" height="180" listCentering="center" wrapCentering="center"/>
			</vbox>
		</vbox>
	</vbox>	
</tweakui>
