<?xml version="1.0"?>
<tweakui>
	<vbox style="uebergangshg" layoutInset="5@5" cellInset="6">		
   	<inputfield hResizing="spaceFill" allowEditing="true" style="inputfieldrounded" width="114" player="searchString" acceptAction="searchIA"/>		

	<hbox>
		<label label="Filter:"/>
		<dropdownlist width="163" topLeft="12@36" player="filterType" items="filterTypeList"/>
	</hbox>

<!--	<label label="Dragging a result will:"/>
	<hbox cellPositioning="leftCenter">
	    <radiogroup >
	      <radiobutton  selectOn="shouldLink" action="setToLink"/>		<label label="Link"/>
	      <radiobutton  selectOn="shouldImport" action="setToImport"/>           <label label="Import"/>
	     </radiogroup>
	</hbox>
-->	


<label label="Results:"/>
	<list itemMaker="SophieIASearchResultListItem" hResizing="spaceFill" width="134" height="80" items="filteredResults" player="resultsSelection"/>	
	</vbox>	
</tweakui>
