<?xml version="1.0"?>
<tweakui>
	<vbox style="uebergangshg" layoutInsetX="5" >
		
		<!--<label label="Word:"/>-->
		
		<hbox layoutInsetY="5" cellInset="4">
			<label style="inputfieldAusgegraut" width="75" hResizing="spaceFill" player="wrongWordLabel" />
			<button style ="buttonAddsmall" action="learnUnknownWord"/>			
		</hbox> 
		
		<hbox >
			<stretchbutton width="50" label="Next" action="skipWord" />
			<stretchbutton width="25" label="All"   action="ignoreWord" />
		</hbox>

		
		<label label="Replace with:"/>		
		<!--<vbox>-->			
			<inputfield width="90" hResizing="spaceFill" player="recommendation" grabKeyboardFocus="errorFound"/>						
			
			<hbox layoutInsetY="5">
				<stretchbutton width="50" label="Replace" action="replaceSpellingError" />
				<stretchbutton width="25" label="All" action="replaceSpellingErrorComplete"/>
			</hbox>
		<!--<vbox>
		
		<hbox>-->
			<label label="Suggestions:" />

			<list width="90" height="70" items="wordList" player="wordListSelection" />

		
	</vbox>
</tweakui>
