<?xml version="1.0"?>
<tweakui>
	<tooldrawer drawerDirection="down">
	
		<drawermain>		
			<box style="uebergangshg" extent="170@62">
				<image style="header_dottedline" topLeft="0@10"/>
				<label label="Anchor" topLeft="2@0"/>
				<label label="Reference" topLeft="118@0"/>
				
				<dropdownlist width="120" topLeft="5@29" player="anchorObject" items="anchorObjectTypes" allowEditing="false"/>
				
				<boxswitcher switcher="anchorObject" topLeft="131@19" extent="34@38">
			 		<box id="page" topLeft="131@21" >
						<image style="image_referencepage" topLeft="0@0"/>
						<radiobutton style ="radiobuttonAnchorreference" topLeft="0@0" action="setTopLeft" selectOn="topLeft"/>
						<radiobutton style ="radiobuttonAnchorreference" topLeft="13@0" action="setTopCenter" selectOn="topCenter"/>
						<radiobutton style ="radiobuttonAnchorreference" topLeft="26@0" action="setTopRight" selectOn="topRight"/>
						<radiobutton style ="radiobuttonAnchorreference" topLeft="0@15" action="setLeftCenter" selectOn="leftCenter"/>
						<radiobutton style ="radiobuttonAnchorreference" topLeft="13@15" action="setCenter" selectOn="center"/>
						<radiobutton style ="radiobuttonAnchorreference" topLeft="26@15" action="setRightCenter" selectOn="rightCenter"/>
						<radiobutton style ="radiobuttonAnchorreference" topLeft="0@30" action="setBottomLeft" selectOn="bottomLeft"/>
						<radiobutton style ="radiobuttonAnchorreference" topLeft="13@30" action="setBottomCenter" selectOn="bottomCenter"/>
						<radiobutton style ="radiobuttonAnchorreference" topLeft="26@30" action="setBottomRight" selectOn="bottomRight"/>
					</box>
			  
					<box id="frame" topLeft="131@19" >
						<image style="image_referenceframe" topLeft="0@0"/>
						<radiobutton style ="radiobuttonAnchorreference" topLeft="1@1" action="setTopLeft" selectOn="topLeft"/>
						<radiobutton style ="radiobuttonAnchorreference" topLeft="13@1" action="setTopCenter" selectOn="topCenter"/>
						<radiobutton style ="radiobuttonAnchorreference" topLeft="25@1" action="setTopRight" selectOn="topRight"/>						
						<radiobutton style ="radiobuttonAnchorreference" topLeft="1@15" action="setLeftCenter" selectOn="leftCenter"/>
						<radiobutton style ="radiobuttonAnchorreference" topLeft="13@15" action="setCenter" selectOn="center"/>
						<radiobutton style ="radiobuttonAnchorreference" topLeft="25@15" action="setRightCenter" selectOn="rightCenter"/>						
						<radiobutton style ="radiobuttonAnchorreference" topLeft="1@29" action="setBottomLeft" selectOn="bottomLeft"/>
						<radiobutton style ="radiobuttonAnchorreference" topLeft="13@29" action="setBottomCenter" selectOn="bottomCenter"/>
						<radiobutton style ="radiobuttonAnchorreference" topLeft="25@29" action="setBottomRight" selectOn="bottomRight"/>
					</box>
			  
					<box id="paragraph" topLeft="131@19" >
						<image style="image_referenceparagraph" topLeft="0@0"/>
						<radiobutton style ="radiobuttonAnchorreference" topLeft="3@3" action="setTopLeft" selectOn="topLeft"/>
						<radiobutton style ="radiobuttonAnchorreference" topLeft="13@3" action="setTopCenter" selectOn="topCenter"/>
						<radiobutton style ="radiobuttonAnchorreference" topLeft="23@3" action="setTopRight" selectOn="topRight"/>
						<radiobutton style ="radiobuttonAnchorreference" topLeft="3@10" action="setLeftCenter" selectOn="leftCenter"/>
						<radiobutton style ="radiobuttonAnchorreference" topLeft="13@10" action="setCenter" selectOn="center"/>
						<radiobutton style ="radiobuttonAnchorreference" topLeft="23@10" action="setRightCenter" selectOn="rightCenter"/>
						<radiobutton style ="radiobuttonAnchorreference" topLeft="3@17" action="setBottomLeft" selectOn="bottomLeft"/>
						<radiobutton style ="radiobuttonAnchorreference" topLeft="13@17" action="setBottomCenter" selectOn="bottomCenter"/>
						<radiobutton style ="radiobuttonAnchorreference" topLeft="23@17" action="setBottomRight" selectOn="bottomRight"/>
					</box>
			  
					<box id="character" topLeft="131@19" >
						<image style="image_referencecharacter" topLeft="0@0"/>
					</box>
					 
					<box id="inline" topLeft="131@19" >
						<image style="image_referenceinline" topLeft="0@0"/>
					</box>
			  
					<box id="line" topLeft="131@19" >
						<image style="image_referenceline" topLeft="0@0"/>
					</box>
					
				</boxswitcher>      
			</box>  
		</drawermain>
	
		<drawertools>  
	  		<!-- inline submenu: -->
			<boxswitcher switcher="offsetAnchorType" extent="170@51">
				  
				<box id="inline" style="uebergangshg" extent="170@51">
				
					<!--<image style="header_dottedline" topLeft="0@6"/>-->
					<label label="Object align " topLeft="2@2"/>
					 
					<radiobutton style="checkbox" topLeft="10@21" action="setOffsetTop" selectOn="topOffset"/>
					<!--<image style="icon_top" topLeft="25@22"/>-->
					<label label="top" topLeft="25@17"/>
					<radiobutton style="checkbox" topLeft="100@21" action="setOffsetBottom" selectOn="bottomOffset"/>
					<!--<image style="icon_bottom" topLeft="115@20"/>-->
					<label label="bottom" topLeft="115@17"/>
					<radiobutton style="checkbox" topLeft="10@36" action="setOffsetCenter" selectOn="centerOffset"/>
					<!--<image style="icon_centerline" topLeft="25@35"/>-->
					<label label="centerline " topLeft="25@32"/>
					<radiobutton style="checkbox" topLeft="100@36" action="setOffsetBase" selectOn="baseOffset"/>
					<!--<image style="icon_baseline" topLeft="115@35"/>-->
					<label label="baseline" topLeft="115@32"/>
				</box>
	  
				<box id="box" style="uebergangshg" extent="170@46">				
				
					<!--<image style="header_dottedline" topLeft="0@6"/>-->
					<label label="Object align " topLeft="2@2"/>					
					
					<label label="x" topLeft="5@23"/>
					<!--<image style="icon_x" topLeft="5@23"/>-->
					
					<unitinputfield width="40" topLeft="20@21" player="offsetX" type="number" sophieUnit="lengthUnit"/>
										
					<label label="y" topLeft="70@23"/>
					<!--<image style="icon_y" topLeft="70@23"/>-->
					
					<unitinputfield width="40" topLeft="85@21" player="offsetY" type="number" sophieUnit="lengthUnit"/>
		  
					<box topLeft="135@16">
						<radiobutton style ="radiobuttonObjectreference" topLeft="0@0" action="setOffsetTopLeft" selectOn="topLeftOffset"/>
						<radiobutton style ="radiobuttonObjectreference" topLeft="9@0" action="setOffsetTopCenter" selectOn="topCenterOffset"/>
						<radiobutton style ="radiobuttonObjectreference" topLeft="18@0" action="setOffsetTopRight" selectOn="topRightOffset"/>
																																		  
						<radiobutton style ="radiobuttonObjectreference" topLeft="0@9" action="setOffsetLeftCenter" selectOn="leftCenterOffset"/>
						<radiobutton style ="radiobuttonObjectreference" topLeft="9@9" action="setOffsetCenter" selectOn="centerOffset"/>
						<radiobutton style ="radiobuttonObjectreference" topLeft="18@9" action="setOffsetRightCenter" selectOn="rightCenterOffset"/>
																																		  
						<radiobutton style ="radiobuttonObjectreference" topLeft="0@18" action="setOffsetBottomLeft" selectOn="bottomLeftOffset"/>
						<radiobutton style ="radiobuttonObjectreference" topLeft="9@18" action="setOffsetBottomCenter" selectOn="bottomCenterOffset"/>
						<radiobutton style ="radiobuttonObjectreference" topLeft="18@18" action="setOffsetBottomRight" selectOn="bottomRightOffset"/>
					</box>									
				</box>
							
			</boxswitcher>			   
		</drawertools>	
		
	</tooldrawer>	
</tweakui>
