<?xml version="1.0"?>
	<tweakui>
		<tooldrawer drawerDirection="down">
			
			<drawermain>	
				<box style="uebergangshg" extent="170@60"><!-- 170 hg_main.png-->
					
					<!-- part two: fontstyle-->
					<image style="icon_font" topLeft="0@5"/>
					<dropdownlist width="115" topLeft="25@5" itemMaker="SophieListMenuFontItem" items="fonts" player="fontName" useScrollMenu="true"/>
					<colorchooser style="colorchooserFontfrontcolor" player="fontColor" topLeft="144@5"/>
					
					<image style="icon_fontsize" topLeft="0@30"/>
					<unitdropdownlist width="55" topLeft="25@30" items="availableSizes" player="fontSize" allowEditing="true" minValue="4" maxValue="10000" precision="1"/>
		
					<checkbox style="checkboxBold" topLeft="83@30" player="bold" />
					<checkbox style="checkboxItalic" topLeft="104@30" player="italic" />
					<checkbox style="checkboxUnderlined" topLeft="125@30" player="underline" disableOn="underlineDisable" />
					<checkbox style ="checkboxCrossed" topLeft="146@30" player="struckout" disableOn="underlineDisable"/>
					
				</box>
			</drawermain>
		
			<drawertools>
				<!-- part three: submenu-->		
				<box id="submenu" style="uebergangshg" extent="170@30">
					<!--<image style="icon_dottedline" topLeft="0@0"/>-->					
				<!--	<image style="icon_kerning" topLeft="2@5"/>
					<unitinputfield width="40" topLeft="28@5"/>
					<image style="icon_tracking" topLeft="76@7"/>
					<unitinputfield width="40" topLeft="100@5"/>-->			
					<stretchbutton topLeft="38@5" width="64" label="reset style" action="resetStyleOverrides" /> 
					<colorchooser style="colorchooserFontbackcolor" player="backColor" topLeft="144@5"/>
				</box>
			</drawertools>
			
		</tooldrawer>
	</tweakui>
