<?xml version="1.0"?>
	<tweakui>
		<tooldrawer drawerDirection="down">
			
			<drawermain>	
				<box style="uebergangshg" extent="170@90"><!-- 170 hg_main.png-->

					<!-- part one: characterStyle-->
					<dropdownlist width="135" topLeft="5@5" player="selectedStyleName" items="libraryStyleNames" />
					<button style ="buttonSave" topLeft="145@5" action="storeStyle"/>
					
					<!-- part two: fontstyle-->
					<image style="icon_font" topLeft="0@35"/>
					<dropdownlist width="115" topLeft="25@35" itemMaker="SophieListMenuFontItem" items="fonts" player="fontName" useScrollMenu="true"/>
					<colorchooser style="colorchooserFontfrontcolor" player="fontColor" topLeft="144@35"/>
					
					<image style="icon_fontsize" topLeft="0@60"/>
					<unitdropdownlist width="55" topLeft="25@60" items="availableSizes" player="fontSize" allowEditing="true" minValue="4" maxValue="10000" precision="1"/>
		
					<checkbox style="checkboxBold" topLeft="83@60" player="bold" />
					<checkbox style="checkboxItalic" topLeft="104@60" player="italic" />
					<checkbox style="checkboxUnderlined" topLeft="125@60" player="underline" />
					<checkbox style ="checkboxCrossed" topLeft="146@60" player="struckout" />
					
				</box>
			</drawermain>
		
			<drawertools>
				<!-- part three: submenu-->		
				<box id="submenu" style="uebergangshg" extent="170@30">
					<!--<image style="icon_dottedline" topLeft="0@0"/>-->					
					<image style="icon_kerning" topLeft="2@5"/>
					<unitinputfield width="40" topLeft="28@5"/>
					<image style="icon_tracking" topLeft="76@7"/>
					<unitinputfield width="40" topLeft="100@5"/>
					<colorchooser style="colorchooserFontbackcolor" player="backColor" topLeft="144@5"/>
				</box>
			</drawertools>
			
		</tooldrawer>
	</tweakui>
