<?xml version="1.0"?>
<tweakui>
	<tooldrawer drawerDirection="down">
		<drawermain>
			<box style="uebergangshg" extent="170@118">
			 <vbox cellInset="3" layoutInset="3@3">
				<label label="horizontal" topLeft="1@1"/>
					<hbox cellInset="3">
  				  <button style ="alignAtTop" action="alignAtTop" />
			  	  <button style ="alignAtCenterHorizontal" action="alignAtCenterHorizontal" />			
         	  <button style ="alignAtBottom" action="alignAtBottom" />
         	</hbox>
				<label label="vertical" topLeft="1@35"/>
         	<hbox cellInset="3">          	
  				<button style ="alignAtLeft" topLeft="123@89" action="alignAtLeft" />
			  	<button style ="alignAtCenterVertical" topLeft="145@89" action="alignAtCenterVertical" />			
         	<button style ="alignAtRight" topLeft="123@89" action="alignAtRight" />
         	</hbox>			  
			 </vbox>
			</box>
		</drawermain>
		  
		<drawertools>

		</drawertools>
	</tooldrawer>
</tweakui>
