<?xml version="1.0"?>
	<tweakui>
		<box style="uebergangshg" extent="170@179">			
			<!--<image style="icon_VisualState" topLeft="10@15"/>-->
			<label label="visual state " topLeft="7@7"/>
			<dropdownlist width="85" topLeft="80@5" player="selectedState" items="knownStates"/>
			
			<application application="areaStyleEditor">			
				<application application="fillStyleEditor">
					<!--<image style="header_filling" topLeft="5@35"/>-->
					<image style="header_dottedline" topLeft="0@36"/>
					<label label="Filling " topLeft="1@27"/>
					
					
					<boxswitcher topLeft="145@46" extent="20@20" switcher="fillTypeCategory">
						<colorchooser id="solid" topLeft="10@55" player="fillColor"/>
						<gradientchooser id="gradient" topLeft="10@50" player="previewStyle"/>
						<imagechooser id="pattern" topLeft="10@55" player="fillPattern" extent="20@20"/>			  
					</boxswitcher>
					
					<image style="icon_fillpattern" topLeft="4@47"/>
					<dropdownlist width="110" topLeft="30@46" items="fillTypes" selection="fillType"/>
					<!--<colorchooser topLeft="10@55" player="fillColor"/>					
					<image style="icon_fillpattern" topLeft="55@55"/>
					<dropdownlist width="85" topLeft="80@55" items="fillTypes" selection="fillType"/>-->	
				</application>
				
				<application application="borderStyleEditor">							
					<!--<image style="header_border" topLeft="5@75"/>-->
					<image style="header_dottedline" topLeft="0@77"/>
					<label label="Border " topLeft="1@68"/>
					<application application="lineStyleEditor">	  					
  					<image style="icon_linewidth" topLeft="5@87"/>
	   				<unitinputfield width="40" topLeft="30@87" player="lineWidth" sophieUnit="lengthUnit"/>
		
		  			<application application="fillStyleEditor">	   		
			   			<!--<image style="icon_linepattern" topLeft="75@90"/>-->
				  		<dropdownlist width="65" topLeft="75@87"/>
					   	<colorchooser id="color" topLeft="145@87" player="fillColor"/>
					  </application>               	
					</application>				
				</application>
			  
				<application application="shadowStyleEditor">
					<!--<image style="header_shadow" topLeft="5@120"/>-->
					<image style="header_dottedline" topLeft="0@118"/> 				
					<label label="Shadow " topLeft="1@109"/>
					
					<image style="icon_shadowxoffset" topLeft="4@128"/>
					<unitinputfield width="50" topLeft="30@128" player="offsetX" sophieUnit="lengthUnit"/>
					<image style="icon_shadowyoffset" topLeft="91@129"/>
					<unitinputfield width="50" topLeft="115@128" player="offsetY" sophieUnit="lengthUnit"/>

					<image style="icon_shadow_soft" topLeft="5@154"/>
					<!--<inputfield type="number" width="50" topLeft="30@160" player="softness"/>
					
					<label label="alpha:" topLeft="81@161"/>
					<label topLeft="121@161" player="alpha"/>
					<slider width="110" min="0.0" max="1.0" topLeft="30@176" player="alpha"/>-->
					
					<slider width="90" topLeft="30@158"/>
					<image style="icon_shadow_sharp" topLeft="120@154"/>
					
					<colorchooser topLeft="145@153" player="color"/>
				</application>				
			</application>
		</box>
	</tweakui>
