<?xml version="1.0"?>
	<tweakui>
		<box style="uebergangshg" extent="170@55">
		
			<!--<image style="icon_Normal" topLeft="10@15"/>-->
			<label label="normal" topLeft="6@7"/>
			<colorchooser topLeft="56@5" player="normalColor"/>
			
			<!--<image style="icon_Over" topLeft="89@18"/>-->
			<label label="over" topLeft="101@7"/>
			<colorchooser topLeft="145@5" player="overColor"/>
			
			<!--<image style="icon_Pressed" topLeft="10@40"/>-->
			<label label="pressed" topLeft="6@32"/>
			<colorchooser topLeft="56@30" player="pressedColor"/>
			
			<!--<image style="icon_Visited" topLeft="89@40"/>-->
			<label label="visited" topLeft="101@32"/>
			<colorchooser topLeft="145@30" player="visitedColor"/>
			
		</box>
	</tweakui>
