<?xml version="1.0"?>
	<tweakui>
		<!-- 170 hg_main.png-->
		<box style="uebergangshg" extent="170@85">
		
			<image style="image_placeholder" topLeft="15@26"/>
			
			<dropdownlist width="160" topLeft="5@5" player="trigger" items="knownTriggers"/>

			<!--<button style="buttonminorAdd" topLeft="10@35"/>
			<button style="buttonminorMinus" topLeft="10@46"/>-->
			
			<dropdownlist width="140" topLeft="25@30" player="action" items="knownActions"/>
			
			<!--<button style="buttonminorAdd" topLeft="25@60"/>
			<button style="buttonminorMinus" topLeft="25@71"/>-->
			
			<droptarget width="120" height="25" topLeft="45@55" player="actionArgument" validTypes="argumentTypes" grabberEnable="true"/>							
			<!--<image style="icon_dottedline" topLeft="0@89"/>-->

			<button style ="buttonAdd" topLeft="5@69" action="addAction"/>
			<button style ="buttonMinus" topLeft="19@69" action="removeAction"/>	
			
			<!--<checkbox style ="checkbox" topLeft="10@110"/>
			<checkbox style ="checkbox" topLeft="10@125"/>
			
			<label label="open page" topLeft="20@110"/>
			
			<label label="close page" topLeft="20@110"/>
			
			<label label="go to book" topLeft="20@110"/>
			
			<label label="go to page" topLeft="20@110"/>
			
			<label label="go to frame" topLeft="20@110"/>
			
			<label label="go to marker" topLeft="20@110"/>
			
			<label label="go to url" topLeft="20@110"/>
			
			<label label="open book" topLeft="20@110"/>
			<label label="open page" topLeft="20@110"/>
			<label label="open frame" topLeft="20@110"/>
			<label label="open marker" topLeft="20@110"/>
			<label label="open url" topLeft="20@110"/>
			<label label="open find dialog" topLeft="20@110"/>
			<label label="open notebook" topLeft="20@110"/>
			
			<label label="close book" topLeft="20@110"/>
			<label label="close page" topLeft="20@110"/>
			<label label="close frame" topLeft="20@110"/>
			<label label="close marker" topLeft="20@110"/>
			<label label="close url" topLeft="20@110"/>
			<label label="close find dialog" topLeft="20@110"/>
			<label label="close notebook" topLeft="20@110"/>
			
			<label label="embed book" topLeft="20@110"/>
			<label label="embed page" topLeft="20@110"/>
			<label label="embed frame" topLeft="20@110"/>
			<label label="embed marker" topLeft="20@110"/>
			<label label="embed url" topLeft="20@110"/>
			<label label="hide marker" topLeft="20@110"/>
			<label label="hide hiliter" topLeft="20@110"/>
			<label label="hide frame" topLeft="20@110"/>
			<label label="show marker" topLeft="20@110"/>
			<label label="show hiliter" topLeft="20@110"/>
			<label label="show frame" topLeft="20@110"/>
			
			<label label="start audio" topLeft="20@110"/>
			<label label="start video" topLeft="20@110"/>
			<label label="start timeline" topLeft="20@110"/>
			
			<!--<label label="start at audio" topLeft="20@110"/>
			<label label="start at video" topLeft="20@110"/>
			<label label="start at timeline" topLeft="20@110"/>
			<label label="start all" topLeft="20@110"/>
			<label label="play all" topLeft="20@110"/>
			<label label="stop all" topLeft="20@110"/>
			
			
			<label label="play audio" topLeft="20@110"/>
			<label label="play video" topLeft="20@110"/>
			<label label="play timeline" topLeft="20@110"/>
			<label label="stop audio" topLeft="20@110"/>
			<label label="stop video" topLeft="20@110"/>
			<label label="stop timeline" topLeft="20@110"/>-->			
		</box>
		
	</tweakui>
