<?xml version="1.0"?>
<tweakui>
	<vbox style="uebergangshg">
		
		<!--<label label="Word:"/>-->		
		<box extent="215@46">			
			<label style="inputfieldAusgegraut" width="175" hResizing="spaceFill" player="wrongWordLabel" topLeft="10@5"  />
			<image style="inputfieldAusgegrautLeftEnd" topLeft="0@5"/>
			<image style="inputfieldAusgegrautRightEnd" topLeft="174@5"/>			
			<button style ="buttonAddsmall" action="learnUnknownWord" topLeft="197@12"/>			
		</box>
		
		<box extent="215@36">
			<stretchbutton width="100" label="Next" action="skipWord" topLeft="5@0"/>
			<stretchbutton width="78" label="All" action="ignoreWord" topLeft="112@0"/>
		</box>

		
		<label label="Replace with:" topLeft="3@0"/>			
		<box extent="215@46">			
			<inputfield style="inputfieldWeiss" width="175" hResizing="spaceFill" player="recommendation" grabKeyboardFocus="errorFound" topLeft="10@5"  />
			<image style="inputfieldWeissLeftEnd" topLeft="0@5"/>
			<image style="inputfieldWeissRightEnd" topLeft="174@5"/>	
		</box>
		
		<box extent="215@35">
			<stretchbutton width="100" label="Replace" action="replaceSpellingError" topLeft="5@0"/>
			<stretchbutton width="78" label="All" action="replaceSpellingErrorComplete" topLeft="112@0"/>
		</box>

		<label label="Suggestions:" />
		<!--<list width="90" height="70" items="wordList" player="wordListSelection" />-->		
		<box extent="215@175">			
			<list items="wordList" player="wordListSelection" extent="210@155" topLeft="5@5" />			
		</box>
				
	</vbox>
</tweakui>
