<?xml version="1.0"?>
	<tweakui>
		<box style="uebergangshg" extent="141@267">
			<label label="opacity:" topLeft="56@1"/>
			<label topLeft="100@1" player="fillOpacityString"/>
  			<slider width="131" topLeft="5@16" player="fillAlpha" min="0.0" max="1.0"/>
				
			<radiogroup>
			<radiobutton style="checkboxRadialfill" topLeft="5@32" selectOn="radialGradient" action="setRadialGradient"/>
			<radiobutton style="checkboxLinearfill" topLeft="30@32" selectOn="linearGradient" action="setLinearGradient"/>
			</radiogroup>
			
			<image style="icon_rotation" topLeft="67@34"/>
			<inputfield style="inputfield" type="number" width="43" topLeft="90@32" player="directionAngle"/>
			<image style="dropdownleftEnd" locked="true" topLeft="87@32"/>
			<image style="dropdownrightEnd" locked="true" topLeft="127@32"/>
						
			<colorramp style="colorramp" topLeft="5@61" extent="131@30" player="gradientColors" selectedColor="singleGradientColor"/>
			
			<colorpalette extent="126@78" colorWidgetExtent="13@12" player="rgbColor" topLeft="8@87"/>	
			
			<colorchooser style="colorchooserFontfrontcolor" topLeft="8@170" player="color" allowEditing="false" player="singleGradientColor"/>
			<label label="opacity:" topLeft="56@165"/>
			<label topLeft="97@165" player="singleGradientOpacityString"/>
			<slider  min="0.0" max="1.0" topLeft="34@180" player="singleGradientAlpha"/>
			 
			<radiogroup>
			<radiobutton style="checkbox" topLeft="8@197" selectOn="absolute" action="setAbsolute"/>
			<label label="absolute" topLeft="19@193"/>			
			
			<radiobutton style="checkbox" topLeft="80@197"  selectOn="relative" action="setRelative"/>
			<label label="relative" topLeft="91@193"/>
			</radiogroup>
			
			<boxswitcher style="emptybox" switcher="sizeMode" topLeft="0@215" extent="141@55">					
				<box id="absolute" topLeft="0@0">
					<checkbox style="checkboxLocked" topLeft="122@9"/>

					<image style="icon_offsetx" topLeft="5@3"/>
					<unitinputfield style="inputfield" width="33" topLeft="26@0" player="offsetX" sophieUnit="lengthUnit"/>
					<image style="dropdownleftEnd" locked="true" topLeft="23@0"/>
					<image style="dropdownrightEnd" locked="true" topLeft="53@0"/>
					
					<image style="icon_offsety" topLeft="5@29"/>
					<unitinputfield style="inputfield" width="33" topLeft="26@26" player="offsetY" sophieUnit="lengthUnit"/>
					<image style="dropdownleftEnd" locked="true" topLeft="23@26"/>
					<image style="dropdownrightEnd" locked="true" topLeft="53@26"/>

					<label label="w" topLeft="68@2"/>
					<unitinputfield style="inputfield" width="33" topLeft="86@0" player="directionLength" sophieUnit="lengthUnit"/>
					<image style="dropdownleftEnd" locked="true" topLeft="83@0"/>
					<image style="dropdownrightEnd" locked="true" topLeft="113@0"/>					
					
					<label label="h" topLeft="68@28"/>
					<unitinputfield style="inputfield" width="33" topLeft="86@26" player="normalLength" sophieUnit="lengthUnit"/>
					<image style="dropdownleftEnd" locked="true" topLeft="83@26"/>
					<image style="dropdownrightEnd" locked="true" topLeft="113@26"/>				
				</box>
			  
			  	<box id="relative" topLeft="0@220">
					<checkbox style="checkboxLocked" topLeft="122@9"/>
					
					<image style="icon_offsetx" topLeft="5@3"/>
					<inputfield style="inputfield" type="number" width="33" topLeft="26@0" player="offsetX" />
					<image style="dropdownleftEnd" locked="true" topLeft="23@0"/>
					<image style="dropdownrightEnd" locked="true" topLeft="53@0"/>
					
					<image style="icon_offsety" topLeft="5@29"/>
					<inputfield style="inputfield" type="number" width="33" topLeft="26@26" player="offsetY" />
					<image style="dropdownleftEnd" locked="true" topLeft="23@26"/>
					<image style="dropdownrightEnd" locked="true" topLeft="53@26"/>
						
					<label label="x" topLeft="68@2"/>
					<inputfield style="inputfield" type="number" width="33" topLeft="86@0" player="directionLength"/>
					<image style="dropdownleftEnd" locked="true" topLeft="83@0"/>
					<image style="dropdownrightEnd" locked="true" topLeft="113@0"/>
						
					<label label="y" topLeft="68@28"/>
					<inputfield style="inputfield" type="number" width="33" topLeft="86@26" player="normalLength"/>
					<image style="dropdownleftEnd" locked="true" topLeft="83@26"/>
					<image style="dropdownrightEnd" locked="true" topLeft="113@26"/>							
			  	</box>			     
			</boxswitcher>
		</box>
</tweakui>







