<?xml version="1.0"?>
	<tweakui>			
		<box style="uebergangshg" extent="141@131">
			<label label="opacity:" topLeft="56@1"/>
			<label topLeft="100@1" player="fillOpacityString"/>
  			<slider width="131" topLeft="5@16" player="fillAlpha" min="0.0" max="1.0"/>
		
			<image style="icon_rotation" topLeft="5@34"/>
			<inputfield style="inputfield" type="number" width="43" topLeft="28@32" player="directionAngle"/>
			<image style="dropdownleftEnd" locked="true" topLeft="25@32"/>
			<image style="dropdownrightEnd" locked="true" topLeft="65@32"/>
				
	
			<box style="emptybox" topLeft="0@57" extent="140@20">
				<radiobutton style="checkbox" topLeft="8@4" selectOn="absolute" action="setAbsolute"/>
			  	<label label="absolute" topLeft="19@0"/>			
			  
				<radiobutton style="checkbox" topLeft="80@4"  selectOn="relative" action="setRelative"/>
				<label label="relative" topLeft="91@0"/>
			</box>
			
			<boxswitcher style="emptybox" switcher="sizeMode" topLeft="0@79" extent="141@55">					
			  	<box id="absolute">
					<checkbox style="checkboxLocked" topLeft="122@9"/>
				
					<image style="icon_offsetx" topLeft="5@3"/>
					<unitinputfield style="inputfield" width="33" topLeft="26@0" player="offsetX" sophieUnit="lengthUnit"/>
					<image style="dropdownleftEnd" locked="true" topLeft="23@0"/>
					<image style="dropdownrightEnd" locked="true" topLeft="53@0"/>
					
					<image style="icon_offsety" topLeft="5@29"/>
					<unitinputfield style="inputfield" width="33" topLeft="26@26" player="offsetY" sophieUnit="lengthUnit"/>
					<image style="dropdownleftEnd" locked="true" topLeft="23@26"/>
					<image style="dropdownrightEnd" locked="true" topLeft="53@26"/>

					<label label="w" topLeft="68@2"/>
					<unitinputfield style="inputfield" width="33" topLeft="86@0" player="directionLength" sophieUnit="lengthUnit"/>
					<image style="dropdownleftEnd" locked="true" topLeft="83@0"/>
					<image style="dropdownrightEnd" locked="true" topLeft="113@0"/>					
					
					<label label="h" topLeft="68@28"/>
					<unitinputfield style="inputfield" width="33" topLeft="86@26" player="normalLength" sophieUnit="lengthUnit"/>
					<image style="dropdownleftEnd" locked="true" topLeft="83@26"/>
					<image style="dropdownrightEnd" locked="true" topLeft="113@26"/>								
				</box>
			  
				<box style="emptybox" id="relative" extent="141@55">
					<checkbox style="checkboxLocked" topLeft="122@9"/>
					
					<image style="icon_offsetx" topLeft="5@3"/>
					<inputfield style="inputfield" type="number" width="33" topLeft="26@0" player="offsetX" />
					<image style="dropdownleftEnd" locked="true" topLeft="23@0"/>
					<image style="dropdownrightEnd" locked="true" topLeft="53@0"/>
					
					<image style="icon_offsety" topLeft="5@29"/>
					<inputfield style="inputfield" type="number" width="33" topLeft="26@26" player="offsetY" />
					<image style="dropdownleftEnd" locked="true" topLeft="23@26"/>
					<image style="dropdownrightEnd" locked="true" topLeft="53@26"/>	
					
					<label label="x" topLeft="68@2"/>
					<inputfield style="inputfield" type="number" width="33" topLeft="86@0" player="directionLength"/>
					<image style="dropdownleftEnd" locked="true" topLeft="83@0"/>
					<image style="dropdownrightEnd" locked="true" topLeft="113@0"/>
						
					<label label="y" topLeft="68@28"/>
					<inputfield style="inputfield" type="number" width="33" topLeft="86@26" player="normalLength"/>
					<image style="dropdownleftEnd" locked="true" topLeft="83@26"/>
					<image style="dropdownrightEnd" locked="true" topLeft="113@26"/>				
			  </box>			     
			</boxswitcher>
			
		</box>
		
</tweakui>
