<?xml version="1.0"?>
<tweakui>
   	<hbox id="statusBar" style="titlebar" align="leftCenter" hResizing="spaceFill" >
		    <dropdownlist width="50" type="number" player="zoomFactor" items="zoomList"/>
			  <box extent="225@22">
  				<label style="buttonLabel" label="search page" topLeft="5@0"/> 
	   			<textbox topLeft="85@0" width="100" style="outputBox"  acceptAction="findNextPagewise" id="findOnPage" player="findOnPage" /> 
		  		<pushbutton topLeft="210@3" style="findPrevious"  action="findPreviousPagewise" />
			   	<pushbutton topLeft="210@11" style="findNext" action="findNextPagewise" />
        </box>
	   		<box height="4" hResizing="spaceFill" >
	      </box>
				<box extent="77@22">
			   	<pushbutton topLeft="5@2" style="pageUp" player="pageUp" action="pageUp" />
				  <textbox topLeft="26@0" allowEditing="false" width="25" style="outputBox" id="pageNr" player="pageNr" /> 
				  <pushbutton  topLeft="56@2" style="pageDown" player="pageDown"  action="pageDown" />
				</box>
		</hbox>
</tweakui>
