<?xml version="1.0"?>
	<tweakui>
		<!-- hintergrund-->
		<box style="uebergangshg" extent="283@410">
	
			<!--<slider width="130" topLeft="5@13" player="fillAlpha"/>		
			<label label="alpha:" topLeft="60@1"/>
			<label topLeft="105@1" player="fillAlpha"/>
  			<slider width="130" topLeft="5@16" player="fillAlpha" min="0.0" max="1.0"/>-->	
			
			<radiobutton style="checkboxRadialfill" topLeft="7@7" selectOn="radialGradient" action="setRadialGradient"/>
			<radiobutton style="checkboxLinearfill" topLeft="47@7" selectOn="linearGradient" action="setLinearGradient"/>
			
			<image style="icon_rotation" topLeft="155@7"/>
			<inputfield type="number" width="74" topLeft="197@7" player="directionAngle"/>
			<image style="dropdownleftEnd" topLeft="187@7"/>
			<image style="dropdownrightEnd" topLeft="260@7"/>
						
			<colorramp style="colorramp" topLeft="7@51" extent="269@30" player="gradientColors" selectedColor="singleGradientColor"/>
			
			<colorpalette extent="288@192" colorWidgetExtent="26@26" style="testfarbfelder" topLeft="7@102" player="rgbColor"/>

			 
			<radiobutton style="checkbox" topLeft="10@300" selectOn="absolute" action="setAbsolute" player="absoluteMode"/>
			<label label="absolute" topLeft="31@292"/>			
			
			<radiobutton style="checkbox" topLeft="134@300"  selectOn="relative" action="setRelative" player="relativeMode"/>
			<label label="relative" topLeft="155@292"/>
			
			
			<boxswitcher style="emptybox" switcher="sizeMode" topLeft="0@328" extent="283@75">					
			  
			  
				<box style="emptybox" id="absolute" topLeft="0@0">			    	
	
					<image style="icon_offsetx" topLeft="10@3"/>
					<unitinputfield style="unitinputfield" width="74" topLeft="52@0" player="offsetX" sophieUnit="lengthUnit"/>				
					<image style="dropdownleftEnd" topLeft="42@0"/>
					<image style="dropdownrightEnd" topLeft="115@0"/>
					
					<image style="icon_offsety" topLeft="10@44"/>
					<unitinputfield width="74" topLeft="52@41" player="offsetY" sophieUnit="lengthUnit"/>			
					<image style="dropdownleftEnd" topLeft="42@41"/>
					<image style="dropdownrightEnd" topLeft="115@41"/>
					
					<image style="icon_w" topLeft="145@7"/>
					<unitinputfield style="unitinputfield" width="74" topLeft="174@0" player="offsetX" sophieUnit="lengthUnit"/>				
					<image style="dropdownleftEnd" topLeft="164@0"/>
					<image style="dropdownrightEnd" topLeft="237@0"/>
					
					<image style="icon_h" topLeft="146@48"/>
					<unitinputfield width="74" topLeft="174@41" player="offsetY" sophieUnit="lengthUnit"/>			
					<image style="dropdownleftEnd" topLeft="164@41"/>
					<image style="dropdownrightEnd" topLeft="237@41"/>
					
					<checkbox style ="checkboxLocked" topLeft="253@16" player="proportionalSizing"/>
	
				  <!--  <label label="w" topLeft="20@26"/>
					<unitinputfield width="40" topLeft="35@25" player="directionLength" sophieUnit="lengthUnit"/>							
					<label label="h" topLeft="80@26"/>
					<unitinputfield width="40" topLeft="95@25" player="normalLength" sophieUnit="lengthUnit"/>
					
					<checkbox style="checkboxLocked" topLeft="4@0"/>			-->
				</box>
				  
				<box style="emptybox" id="relative" topLeft="0@350">
				
					<image style="icon_offsetx" topLeft="10@3"/>				
					<inputfield  type="number" width="74" topLeft="52@0" player="offsetX" />				
					<image style="dropdownleftEnd" topLeft="42@0"/>
					<image style="dropdownrightEnd" topLeft="115@0"/>
					
					
					<image style="icon_offsety" topLeft="10@44"/>				
					<inputfield  type="number" width="74" topLeft="52@41" player="offsetY" />
					<image style="dropdownleftEnd" topLeft="42@41"/>
					<image style="dropdownrightEnd" topLeft="115@41"/>
	
	
					<!--<label label="x" topLeft="20@26"/>
					<inputfield type="number" width="40" topLeft="35@25" player="directionLength"/>			
					<label label="y" topLeft="80@26"/>
					<inputfield type="number" width="40" topLeft="95@25" player="normalLength"/>-->		
					
					
					<image style="icon_x" topLeft="145@7"/>				
					<inputfield type="number" width="74" topLeft="174@0" player="directionLength"/>		
					<image style="dropdownleftEnd" topLeft="164@0"/>
					<image style="dropdownrightEnd" topLeft="237@0"/>
					
					<image style="icon_y" topLeft="146@48"/>				
					<inputfield type="number" width="74" topLeft="174@41" player="normalLength"/>
					<image style="dropdownleftEnd" topLeft="164@41"/>
					<image style="dropdownrightEnd" topLeft="237@41"/>
					
					<checkbox style ="checkboxLocked" topLeft="253@16" player="proportionalSizing"/>
								
				 </box>
			  
			       
			</boxswitcher>
			

		</box>
</tweakui>
