<?xml version="1.0"?>
<tweakui>

	<boxswitcher style="uebergangshg" switcher="selectedFrameType" height="93" hResizing="spaceFill">					
		<vbox style="emptybox" id="frame" cellInset="2" layoutInset="4@2">
			<label label="Frame" />
			
			<stretchbutton width="140" label="Move To Template" action="moveFrameToLocalTemplate" visibleOn="localFrame" balloonHelp="Move a local frame into the template as a override frame"/>
			<stretchbutton width="140" label="Move From Template" action="moveFrameFromLocalTemplate" visibleOn="overideFrame" balloonHelp="Move a override frame back to page as local frame"/>	
      					
			<stretchbutton width="140" label="Save Page As Template" action="savePageAsTemplate" balloonHelp="Save whole page as a template"/>							
		</vbox>
		  
		<vbox style="emptybox" id="templateFrame"  cellInset="2" layoutInset="4@2" >
			<label label="Frame"/>
			<stretchbutton width="140" label="Reset Content Override" action="resetTemplateFrameContent" balloonHelp="Reset frame content overrides to template frame defaults"/>
		</vbox>
		  
		<vbox style="emptybox" id="page" cellInset="2" layoutInset="4@2" >
			<label label="Page"/>
			<stretchbutton width="140" label="Save Page As Template"  action="savePageAsTemplate" balloonHelp="Save whole page as a template"/>
		</vbox>
		
		<vbox style="emptybox" id="template" cellInset="2" layoutInset="4@2" >
			<label label="Template"/>
			<stretchbutton width="150" label="Save Changes To Template" action="saveChangesToTemplate" balloonHelp="Save template changes back to library"/>
			<stretchbutton width="150" label="Reset To Template Defaults" action="resetPageTemplate" balloonHelp="Restore template defaults"/>
			<stretchbutton width="150" label="Save As Template" action="saveAsTemplate" balloonHelp="Save and add template to the library, using a new name"/>						
		</vbox>			     
	</boxswitcher>
	
</tweakui>
