<?xml version="1.0"?>
	<tweakui>
		<tooldrawer drawerDirection="down">
			<drawermain>	
				<box style="uebergangshg" extent="141@118">
					<!-- colorboxen-->
					<box extent="126@110" topLeft="8@8">
						<colorpalette extent="126@78" colorWidgetExtent="13@12" style="farbfelder" topLeft="0@0" player="rgbColor"/>			
						<!-- vorschaufenster+transparenzregler-->
						<colorchooser style="colorchooserFontfrontcolor" topLeft="0@83" allowEditing="false" player="color"/>
	
						<label label="opacity:" topLeft="49@77"/>
						<label topLeft="89@77" player="opacityString"/>

						<slider  min="0.0" max="1.0" topLeft="26@93" player="alpha"/>						
					</box>
					
					<box style="emptyBox" width="140" topLeft="0@117"></box>
				</box>
			</drawermain>
   		
		<drawertools>				
			<box id="submenu" style="uebergangshg" extent="141@167">
				
				<colorpicker extent="131@60" topLeft="5@6" player="rgbColor"/>		

				<box extent="140@95" topLeft="0@72">
					<image style="icon_color_red" topLeft="6@4"/>
					<inputfield style="inputfield" type="number" width="39" topLeft="25@0" player="red"/>
					<image style="dropdownleftEnd" locked="true" topLeft="22@0"/>
					<image style="dropdownrightEnd" locked="true" topLeft="58@0"/>
					
					<image style="icon_color_green" topLeft="6@27"/>
					<inputfield style="inputfield" type="number" width="39" topLeft="25@23" player="green"/>
					<image style="dropdownleftEnd" locked="true" topLeft="22@23"/>
					<image style="dropdownrightEnd" locked="true" topLeft="58@23"/>
					
					<image style="icon_color_blue" topLeft="6@50"/>
					<inputfield style="inputfield" type="number" width="39" topLeft="25@46" player="blue"/>
					<image style="dropdownleftEnd" locked="true" topLeft="22@46"/>
					<image style="dropdownrightEnd" locked="true" topLeft="58@46"/>
						
					<!--<image style="icon_hexcode" topLeft="3@73"/>
					<label label="#" topLeft="49@63"/>-->
					<inputfield style="inputfield" width="53" topLeft="11@69" player="html"/>
					<image style="dropdownleftEnd" locked="true" topLeft="8@69"/>
					<image style="dropdownrightEnd" locked="true" topLeft="58@69"/>					
					
					<image style="icon_color_cyan" topLeft="74@4"/>
					<inputfield style="inputfield" type="number" width="39" topLeft="93@0"/>
					<image style="dropdownleftEnd" locked="true" topLeft="90@0"/>
					<image style="dropdownrightEnd" locked="true" topLeft="126@0"/>
					
					<image style="icon_color_magenta" topLeft="74@27"/>
					<inputfield style="inputfield" type="number" width="39" topLeft="93@23"/>
					<image style="dropdownleftEnd" locked="true" topLeft="90@23"/>
					<image style="dropdownrightEnd" locked="true" topLeft="126@23"/>
					
					<image style="icon_color_yellow" topLeft="74@50"/>
					<inputfield style="inputfield" type="number" width="39" topLeft="93@46"/>
					<image style="dropdownleftEnd" locked="true" topLeft="90@46"/>
					<image style="dropdownrightEnd" locked="true" topLeft="126@46"/>
					
					<image style="icon_color_black" topLeft="74@73"/>
					<inputfield style="inputfield" type="number" width="39" topLeft="93@69"/>	
					<image style="dropdownleftEnd" locked="true" topLeft="90@69"/>
					<image style="dropdownrightEnd" locked="true" topLeft="126@69"/>				
				</box>
			</box>		
		</drawertools>	
	</tooldrawer>
</tweakui>
