<?xml version="1.0"?>
<tweakui>
	<vbox style="uebergangshg" layoutInset="5@5" cellInset="6">		
		<hbox cellInset="5" cellPositioning="center" hResizing="spaceFill">		
	   	<inputfield hResizing="spaceFill" allowEditing="false" style="inputfieldrounded" width="114" player="wrongWordLabel"/>		
  		<button style ="buttonAdd" action="learnUnknownWord"/>
		</hbox >
		<hbox cellInset="5">			
  		<stretchbutton width="81" label="Next" action="skipWord"/>
  		<stretchbutton width="50" label="All" action="ignoreWord"/>
		</hbox>			
		<label label="Replace with:"/>		
		<inputfield style="inputfieldrounded" width="128" hResizing="spaceFill" player="recommendation" grabKeyboardFocus="errorFound" topLeft="8@72"/>	
		<hbox cellInset="5">									
  		<stretchbutton width="81" label="Replace" action="replaceSpellingError"/>
  		<stretchbutton width="50" label="All" action="replaceSpellingErrorComplete"/>
		</hbox>			
		<label label="Suggestions:"/>
		<list hResizing="spaceFill" width="134" height="80" items="wordList" player="wordListSelection"/>			
	</vbox>	
</tweakui>
