<?xml version="1.0"?>
	<tweakui>
		<tooldrawer drawerDirection="down">
			<drawermain>	
				<!-- hintergrund-->
				<box style="uebergangshg" extent="140@118">
					<!-- colorboxen-->
					<box extent="126@110" topLeft="7@8">
						<colorpalette extent="126@78" colorWidgetExtent="13@12" style="testfarbfelder" topLeft="1@0" player="rgbColor"/>			
						<!-- vorschaufenster+transparenzregler-->
						<colorchooser topLeft="1@82" allowEditing="false" player="color"/>
	
						<label label="opacity:" topLeft="50@78"/>
						<label topLeft="90@78" player="opacityString"/>

						<slider  min="0.0" max="1.0" topLeft="26@93" player="alpha"/>
					</box>		
				</box>
			</drawermain>
   		
		<drawertools>				
			<box id="submenu" style="uebergangshg" extent="140@167">
				<!--<image style="icon_dottedline_small" topLeft="0@0"/>			
				 colorchooser-->
				<colorpicker extent="130@60" topLeft="5@5" player="rgbColor"/>		
				<!-- werteingaben -->
				<box extent="140@95" topLeft="0@75">
					<image style="icon_color_red" topLeft="5@4"/>
					<inputfield type="number" width="45" topLeft="20@0" player="red"/>
					
					<image style="icon_color_green" topLeft="5@27"/>
					<inputfield type="number" width="45" topLeft="20@23" player="green"/>
					
					<image style="icon_color_blue" topLeft="5@50"/>
					<inputfield type="number" width="45" topLeft="20@46" player="blue"/>
						
					<image style="icon_hexcode" topLeft="3@73"/>
					<inputfield width="50" topLeft="15@69" player="html"/>
					
					
					<image style="icon_color_cyan" topLeft="75@4"/>
					<inputfield type="number" width="45" topLeft="90@0"/>
					
					<image style="icon_color_magenta" topLeft="75@27"/>
					<inputfield type="number" width="45" topLeft="90@23"/>
					
					<image style="icon_color_yellow" topLeft="75@50"/>
					<inputfield type="number" width="45" topLeft="90@46"/>
					
					<image style="icon_color_black" topLeft="75@73"/>
					<inputfield type="number" width="45" topLeft="90@69"/>					
				</box>
			</box>		
		</drawertools>	
	</tooldrawer>
</tweakui>
