<?xml version="1.0"?>
	<tweakui>	
		
		<box style="uebergangshg" extent="140@129">
			<label label="opacity:" topLeft="60@1"/>
			<label topLeft="100@1" player="fillOpacityString"/>
  			<slider width="130" topLeft="5@16" player="fillAlpha" min="0.0" max="1.0"/>
		
			<image style="icon_rotation" topLeft="3@30"/>
			<inputfield type="number" width="40" topLeft="27@29" player="directionAngle"/>			
	
			<box style="emptybox" topLeft="0@53" extent="140@20">
			  <radiobutton style="checkbox" topLeft="8@3" selectOn="absolute" action="setAbsolute"/>
			  <label label="absolute" topLeft="19@0"/>			
			  
			  <radiobutton style="checkbox" topLeft="75@3"  selectOn="relative" action="setRelative"/>
			  <label label="relative" topLeft="86@0"/>			
			</box>
			<boxswitcher style="emptybox" switcher="sizeMode" topLeft="0@73" extent="170@55">					
			  <box style="emptybox" id="absolute" extent="170@55">
			    <checkbox style="checkboxLocked" topLeft="4@25"/>	

			    <image style="icon_offsetx" topLeft="6@0"/>
			    <unitinputfield width="40" topLeft="35@0" player="offsetX" sophieUnit="lengthUnit"/>
			    <image style="icon_offsety" topLeft="78@0"/>
			    <unitinputfield width="40" topLeft="95@0" player="offsetY" sophieUnit="lengthUnit"/>

			    <label label="w" topLeft="20@26"/>
			    <unitinputfield width="40" topLeft="35@25" player="directionLength" sophieUnit="lengthUnit"/>							
			    <label label="h" topLeft="80@26"/>
			    <unitinputfield width="40" topLeft="95@25" player="normalLength" sophieUnit="lengthUnit"/>					
			  </box>
			  
			  <box style="emptybox" id="relative" extent="170@55">
			    <image style="icon_offsetx" topLeft="6@0"/>
			    <inputfield  type="number" width="40" topLeft="35@0" player="offsetX" />
			    <image style="icon_offsety" topLeft="78@0"/>
			    <inputfield  type="number" width="40" topLeft="95@0" player="offsetY" />


			    <checkbox style="checkboxLocked" topLeft="4@25"/>
			    <label label="x" topLeft="20@26"/>
			    <inputfield type="number" width="40" topLeft="35@25" player="directionLength"/>			
			    <label label="y" topLeft="80@26"/>
			    <inputfield type="number" width="40" topLeft="95@25" player="normalLength"/>					
			  </box>			     
			</boxswitcher>
			
		</box>
		
</tweakui>
